doc_id,year,source,paragraph_id,text,keyword_hit
tr_2006_ulusa_seslenis,2006,ulusa_seslenis,451,"Türkiye, önüne çıkarılan engelleri bir bir aşarak aynı kararlılıkla yoluna devam edecek, Yeni Türkiye Vizyonu | Efendi Değil Hizmetkar Olmak-4 75 dünyanın en güçlü ekonomileri arasında yerini alacaktır. Bu kalkınma mücadelesini, bu ilerleme yarışını mutlaka kazanacaktır. Sevgili Vatandaşlarım...",0
tr_2005_ulusa_seslenis,2005,ulusa_seslenis,46,"Artık bu ülkede yaşayan herkes bu yeni duruma alışmak, kötümserliği terk etmek, milletimizin gelecek heyecanını ayniyle paylaşmak zorundadır. Geçmişte sıkça görülen yap-boz politikaları, istikrarsızlık, güvensizlik, belirsizlik tamamen sona ermiştir. Türkiye'ye artık güçlü bir hükümet, güçlü bir ekonomi, kararlılık, istikrar ve disiplin hakimdir."" Erdoğan, bunun en somut kanıtlarından birinin de Türkiye'nin dış ticaretinde gerçekleştirdikleri büyük sıçrama olduğunu belirtti.",0
tr_2015_akp_oct_6_secim_beyannamesi,2015,akp_oct_6_secim_beyannamesi,1229,"Afet Yönetim ve Karar Destek Sistemi Projesi (AYDES) ile; Bütünleşik afet yönetiminin tüm aşamalarını elektronik ortamda takip edip, yönetebileceğimiz coğrafi bilgi sistemi tabanlı bir karar destek sistemi oluşturma yolunda; olay komuta modülünün ilk aşamasını tamamladık ve kullanıma sunduk. Irk, din, dil, ayrımı gözetmeden insani yardım yapıyoruz. Suriye ve Irak başta olmak üzere insani dramı olan kardeşlerimize kapımızı, gönlümüz ve soframızı açıyoruz.",1
tr_2006_ulusa_seslenis,2006,ulusa_seslenis,538,"Sözümüzde de durduk. SEKA arazisi için dinlence amaçlı, sosyal amaçlı projeler hazırladık. O günden bu yana iki yıla yakın bir zaman geçti.",1
tr_2002_akp_june_6_secim_beyannamesi,2002,akp_june_6_secim_beyannamesi,75,"46 2002 YOLUNDA AK PARTİ SEÇİM BEYANNEMELERİ YÖNETİMİN YENİDEN YAPILANDIRILMASI 49 2002 YOLUNDA AK PARTİ SEÇİM BEYANNEMELERİ YÖNETİMİN YENİDEN YAPILANDIRILMASI V. YÖNETİMİN YENİDEN YAPILANDIRILMASI A- DEVLETİN DEĞİŞEN ROLÜ Küreselleşme ve bilgi toplumuna dönük gelişmeler, geleneksel devlet ve yönetim yaklaşımlarını büyük ölçüde geçersiz hale getirmektedir. Devletin toplum üzerindeki geleneksel kontrol ve müdahalesi azalmakta, yerel ve uluslar üstü düzeylerde çok aktörlü politikalar oluşturulmaktadır.",0
tr_2011_chp_secim_beyannamesi,2011,chp_secim_beyannamesi,256,"olmak üzere kadın hakları alanında taraf olduğumuz tüm uluslararası • Burslarda, parasız yatılı okullarda kız çocuklara kota ve kontenjan artırımı sözleşmelerin, toplumsal yaşama ve hukuk sistemimize yansıtılmasını uygulayacağız. sağlayacağız. • Her semtte Halk Eğitim Merkezi ya da Çok Amaçlı Toplum Merkezi kurarak, kadınların becerilerini artıracak, iş bulma imkanlarını geliştireceğiz.",0
tr_2015_akp_oct_6_secim_beyannamesi,2015,akp_oct_6_secim_beyannamesi,280,"Talep eden her öğrenciye öğrenim kredisi sağlanması uygulamasına geçtik. Kredi ve burs miktarlarını da 2002 yılındaki 45 TL'den, 2015 yılında 330 TL'ye yükselttik. Üniversite harçlarını kaldırdık.",0
tr_2014_akp_june_5_secim_beyannamesi,2014,akp_june_5_secim_beyannamesi,393,"Kent yoksulluğunun önüne geçilecek. Ev kadınları düzenlediğimiz kurslara katılarak, geleneksel-yöresel ürün üretimiyle üretime katılacaklar, turizm kazanacak, ticaret kazanacak, insanımız kazanacak, şehirlerimiz kazanacak. ALT YAPI HİZMETLERİ Son yarım yüzyılda büyük şehirlere yönelen aşırı göç nedeniyle, kentlerimizin alt yapı kapasiteleri yetersiz kalmış, yerel yönetimlerin kaynakları alt yapı ihtiyacını karşılayamaz hale gelmiştir.",1
tr_2005_ulusa_seslenis,2005,ulusa_seslenis,162,"Bölgesel adaletsizliklerin giderilmesi için, haksız rekabetin azalması için var gücümüzle çalışıyoruz. Türkiye'yi eksi büyümeden yani düpedüz küçülmeden, 29 Recep Tayyip ERDOĞAN yüzde 10 büyüme düzeyine çıkardığımız gibi, işsizliği de kademe kademe çözeceğiz. Biliyorsunuz, 2003 yılından itibaren başlayan ekonomik büyüme, verimlilik artışına dayalı olarak gerçekleşti.",1
tr_2002_akp_june_6_secim_beyannamesi,2002,akp_june_6_secim_beyannamesi,79,"Demokratik kurallara göre işlemeyen verimsiz kamu yönetimi sistemimiz, devlet ile halk arasında güven bunalımı doğurmaktadır. Demokratik bir devlet anlayışı ile rekabetçi bir piyasa arasında tamamlayıcılık ilişkisi bulunmaktadır. Toplumların temel ihtiyaçlarının karşılanmasında, devlet, piyasa ve sivil toplum iş birliği kaçınılmaz hale gelmiştir.",1
tr_2007_akp_june_6_secim_beyannamesi,2007,akp_june_6_secim_beyannamesi,211,Şu anda ülkemizdeki müstakil anaokullarının % 60'ı 2003-2007 yıllarında inşa edilerek hizmete sunulmuştur. 2013 yılına kadar okul öncesi eğitimde okullaşma oranını asgari % 50'ye çıkarma kararlılığındayız. 2023 yılı hedefimiz ise okul öncesi eğitimi %80 oranına yükseltmektir.,0
tr_2014_akp_june_5_secim_beyannamesi,2014,akp_june_5_secim_beyannamesi,442,"136 2014 YOLUNDA AK PARTİ SEÇİM BEYANNAMELERİ Ülke genelinde tapu ve kadastro bilgilerinin bilgisayar ortamına aktarılması ve bu bilgiler üzerinden her türlü sorgulama ve tapu işlemlerinin elektronik ortamda anlık olarak yapılabilmesini amaçlayan e-Devlet projelerinden birisi olan “Tapu Kadastro Bilgi Sistemi”nin (TAKBİS) tapu bileşeni tamamlanmıştır. Ayrıca müdürlüklerimizde yapılan sıramatik uygulaması ile vatandaşlarımızın gereksiz yere beklemeleri ve işlem sırası ile ilgili oluşabilecek karmaşaların önüne geçilmiştir. Tapu ve Kadastro Genel Müdürlüğümüz hizmet sunumunda ortaya çıkabilecek aksaklıkları en aza indirmek, hizmetlerimize ilişkin vatandaşlarımızı bilgilendirmek amacıyla Alo Tapu (444 8278) hizmet hattını faaliyete geçirmiştir.",1
tr_2015_chp_secim_beyannamesi,2015,chp_secim_beyannamesi,110,"• Diyarbakır Cezaevi'nde yaşananlar ve Uludere katliamı başta olmak üzere tüm faili meçhuller, işkenceler ve hak ihlallerini araştıracak bir Meclis Komisyonu kuracağız. Yasaklara Son Vereceğiz • Seçimlerde ve siyasette dil yasaklarını sona erdireceğiz. • Türk Ceza Kanunu'nda ve Terörle Mücadele Kanunu'nda yer alan ifade özgürlüğünü kısıtlayan hükümleri kaldıracağız.",0
tr_2010_ulusa_seslenis,2010,ulusa_seslenis,169,"Sizin emanetinize yedi buçuk yıl boyunca gözümüz gibi baktık ve o şekilde yolumuza devam edeceğiz. Yeniden buluşmak, yeniden hasret gidermek dileğiyle ailenizle, sevdiklerinizle birlikte, huzur dolu, bereketli günler temenni ediyor, sizleri muhabbetle selamlıyorum. Kalın sağlıcakla...",1
tr_2015_chp_secim_beyannamesi,2015,chp_secim_beyannamesi,643,• Tahrip ettiğimiz doğayı onarmak ve doğa kültürünü aşılamak için doğa hakları kavramını eğitim sistemine yerleştireceğiz. DOĞAYA DAHA YAKIN BİR TOPLUM • Kişi başına düşen şehir içi yeşil alan oranını her ilimizde artıracağız. • Hava kirliliğini azaltacak önlemlere öncelik vereceğiz.,0
tr_2011_chp_secim_beyannamesi,2011,chp_secim_beyannamesi,425,"• Yerel yönetimlerin gelirlerini kendilerine verilen görevleri yerine • Merkezi hükümet kuruluşlarının belediyeler arasında ayrımcılık yapmasına getirmelerine olanak verecek şekilde artıracağız. kesinlikle izin vermeyecek, bu tarafsızlık halini yasalarla güvence altına • “Tüm Türkiye Belediye” anlayışı çerçevesinde köyleri bir belediye yönetimi alacağız. ile ilişkilendirecek, Genel Bütçe Vergi Gelirleri Hasılatından pay vereceğiz.",0
tr_2011_akp_june_5_secim_beyannamesi,2011,akp_june_5_secim_beyannamesi,539,"Opera ve balede temsil sayısı 2002'de 584 iken, 2010'da bu sayıyı % 45 artırarak 838'e çıkardık. Kültür ve Turizm Bakanlığı'nın orkestra, koro ve müzik topluluklarının konser, resital ve diğer etkinlik sayısı 2002'de 1400 iken 2010'da 1950'ye yükseldi. Yerli film izleyici sayısı tam 11 kat arttı ve 8,5 yılda 2 milyondan 22 milyona çıktı.",0
tr_2007_akp_june_6_secim_beyannamesi,2007,akp_june_6_secim_beyannamesi,596,"Yine bu bağlamda Süleymaniye Kütüphanesi Restorasyon ve Araştırma Merkezinin Yenilenmesi ve Eğitim Birimi Oluşturulması Projesi devam etmektedir. Ayrıca Kütüphane Otomasyon Programı Projesi, İnternet Erişim Merkezleri Projesi, ülkedeki tüm kütüphanelerde yer alan kaynakların tek bir noktadan sorgulanabilmesini amaçlayan Entegre E-Kütüphane Sistemi Projesi hayata geçirilmiştir. Kütüphane hizmetlerinden yararlanamayan eve bağımlı hasta, yaşlı veya engelli vatandaşlarımızın, evlerinde kütüphane materyalinden yararlanması amacıyla Eve Teslim Kitap Projesi ve görme engelli vatandaşlarımız için Konuşan Kitaplık Projesi uygulamaya konmuştur.",0
tr_2004_ulusa_seslenis,2004,ulusa_seslenis,316,"Çok zorluklar yaşamış, çok badireler atlatmış, çok şey görüp geçirmiş bir millet olmanın kazandırdığı o büyük tecrübeyle, Türkiye için hayırlı olan yol ne tarafa gidiyorsa samimiyetle o tarafa yöneleceksiniz. Bu ülkenin Başbakanı olarak, hizmet etmekten şeref duyduğum bu yüce milletin sağduyusuna sonuna kadar inandığımı açıkça ifade etmek istiyorum. Biliyorum ki bu büyük millet, dünya tarihinin yeni sayfalarında hak ettiği medeniyet seviyesini yakalamakla kalmayacak, özünde taşıdığı hakkaniyet duygusuyla dünyaya da örnek olacaktır."" Güzel tarih sayfalarının bugünden yazılmaya başlandığına ve tarihe düşülen her yeni paragrafla birlikte Türkiye'nin yıldızının daha fazla parlayacağına bütün benliğiyle ve bütün kalbiyle inandığını vurgulayan Erdoğan, 17 Aralık'la başlayan dönemin Türkiye'ye önemli kazanımlar sağlayacağını söyledi.",1
tr_2007_akp_june_6_secim_beyannamesi,2007,akp_june_6_secim_beyannamesi,315,"Kuracağımız Merkezi Bilgi Sistemi ile değişik kurumlarımızın sahip olduğu tüm bilgiler bir araya getirilecektir. Çalışan nüfus, yaşlılar, özürlüler, yoksul kesimler gibi değişik statü ve özellikteki insanımıza dönük olarak kurumlarımızın hizmetleri daha etkin bir organizasyon ve koordinasyon içinde yürütülecektir. 100 2007 YOLUNDA AK PARTİ SEÇİM BEYANNEMELERİ İnsanımızın gelir durumu ve geçim şartlarını da içeren Adrese Dayalı Nüfus Kayıt Sistemi, sosyal yardımlaşma ve dayanışma kapsamında üretilen envanter ve yoksulluk profili tespitine dönük çalışmalar birleştirilecektir.",1
tr_2015_chp_secim_beyannamesi,2015,chp_secim_beyannamesi,249,"• Elektrik tüketiminde alınan kayıp kaçak ve sayaç okuma bedellerinin, abonelere doğrudan iadesini sağlayacağız. TÜKETİCİ SAĞLIĞI • Genetik yapısı değiştirilmiş ürünlerin (GDO) ithalatı, üretimi ve tüketiminde mevzuatı AB standartları ile uyumlu hale getirecek ve kararlılıkla uygulayacağız. • Çocuklarımızın okullarda dengeli, yeterli ve sağlıklı beslenmesine yönelik gerekli önlemleri acilen alacağız, denetimini sağlayacağız.",1
tr_2007_akp_june_6_secim_beyannamesi,2007,akp_june_6_secim_beyannamesi,370,"• Dar gelirli ailelerin çocukları başta olmak üzere gençlerin gezi faaliyetlerinden ve yaz kamplarından ücretsiz yararlanmasını sağladık. • Gençlerin ve çocukların şiddete eğiliminin engellenmesi amacıyla Meclis Araştırma Komisyonu kurduk ve etkin bir şekilde çalışmasını sağladık. 113 2007 YOLUNDA AK PARTİ SEÇİM BEYANNEMELERİ Üretken, karar verebilen, bilgiyi doğru kullanan, bilgi ve iletişim teknolojilerine yatkın genç nesillerin, ülkemizin yenilikçilik kapasitesine katkı sağlaması stratejik öneme sahiptir.",1
tr_2011_akp_june_5_secim_beyannamesi,2011,akp_june_5_secim_beyannamesi,593,"Bağımsız çalışan kadınlar için bir ilk olarak sigorta kapsamında emzirme ödeneğini, gebelik halinde 16 haftalık iş göremezlik ödeneğini analık yardımı olarak ödemeye başladık. Sigortalı kadına, (iki çocuğa kadar) her bir çocuk için çalışamadığı 2 yılı dışarıdan ödeme ve sosyal güvence imkânı tanıdık. 2008'de Sosyal Güvenlik Kanunu'nda gerçekleştirilen düzenleme ile kadın sigortalılara doğum nedeniyle çalışmadıkları süreler için borçlanma imkânı sağladık.",0
tr_2015_akp_oct_6_secim_beyannamesi,2015,akp_oct_6_secim_beyannamesi,1362,"3. Ilısu Barajı ve HES Projesi 2017'de tamamlanması beklenmektedir. 1.200 MW gücündeki santralin maliyeti 5,5 milyar TL'dir.",0
tr_2011_akp_june_5_secim_beyannamesi,2011,akp_june_5_secim_beyannamesi,609,"1000 yeni girişimciye 20 163 2011 YOLUNDA AK PARTİ SEÇİM BEYANNEMELERİ milyon TL destek sağlanacaktır. Yeni girişimcilere iş ortamı sağlamak üzere 15 yeni İş Geliştirme Merkezi kurulacaktır. Gençlik Gençlerimiz bugünün dinamosu, yarının ise güvencesidir.",1
tr_2014_akp_june_5_secim_beyannamesi,2014,akp_june_5_secim_beyannamesi,256,"Avrupa Yol Bisikleti Şampiyonası 2010'da Ankara'da, Dünya Deniz Küreği Şampiyonası 2010 'da İstanbul'da, 2010 Sezonu Dünya Ralli Şampiyonası İstanbul'da, 2007'de “1. Karadeniz Oyunları” ve 2011'de “Avrupa Olimpik Gençlik Festivali ise Trabzon'da başarıyla düzenlendi. İstanbul 14.",1
tr_2009_ulusa_seslenis,2009,ulusa_seslenis,433,"Yaşanan büyük sıkıntılara rağmen, kısa zaman içinde hayata geçirilen bu büyük değişim, milletimizin şaşmaz medeniyet aşkının ve iradesinin parlak bir zaferidir. Kanaatim odur ki 2009 yılı, bu yedi yıllık süreç içinde daha farklı, daha özel bir anlam kazanmıştır. Dünyada yaşanan büyük ekonomik krizin dünyanın dev ekonomilerini derinden sarstığı 2009 yılı, Türkiye'nin bu kazanımlarının ne kadar sağlam bir zemine sahip olduğunu net olarak ortaya koymuştur.",0
tr_2005_ulusa_seslenis,2005,ulusa_seslenis,37,"Bugün bazı çevrelerin bu pozitif tabloyu görmemekte ısrar ettiğini, ""enflasyon düşüyor, ama biz hissetmiyoruz"" dediklerini ifade eden Erdoğan, enflasyonun düşmesinin, fiyatların düşmesi değil, fiyat artış hızlarının düşmesi olduğuna işaret etti. Erdoğan, şunları söyledi: ""Lütfen, çarşıya, pazara çıktığınızda fiyatları şöyle geçmişle bir karşılaştırın. Ürün ve hizmetlerin geçmişte ne kadar arttığını, son iki 327 Recep Tayyip ERDOĞAN buçuk yıl içinde fiyatların nereden nereye geldiğini bir inceleyin.",0
tr_2015_akp_oct_6_secim_beyannamesi,2015,akp_oct_6_secim_beyannamesi,314,"Sağlıklı Nesiller AK Parti olarak, insan merkezli anlayışının bir gereği olarak, fiziken ve ruhen sağlıklı nesillerin yetişmesini öncelikli görmekteyiz. Sağlıklı nesillerin yetiştirilmesini, aynı zamanda kalkınmada beşeri sermayenin oluşumu için de bir gereklilik olarak görüyoruz. Sağlık alanında hizmet standardının sürdürülebilirliğini sağlamak, yeni reformlarla hizmet kalitesini arttırmak, başta yoksul kesimler olmak üzere hizmeti vatandaşlarımızın ayağına götürmek temel amacımızdır.",1
tr_2002_akp_june_6_secim_beyannamesi,2002,akp_june_6_secim_beyannamesi,61,"Hukuk devleti ilkesine uygun olarak adalet reformunu gerçekleştirmek, partimizin öncelikleri arasında yer almaktadır. Hukuk alanındaki reformlara yeni bir anayasa yapılarak başlanmalıdır. Partimiz, yeni anayasanın devlet-toplum- birey arasında yapılan bir toplumsal sözleşme niteliğinde olmasından yanadır.",0
tr_2015_chp_secim_beyannamesi,2015,chp_secim_beyannamesi,484,"117 Meslek Eğitimi Çalışma Yaşamıyla Birlikte Gelişecek • Sanayi kuruluşları ile iş birliği içerisinde, OSB'lerde ve Sanayi Sitelerinde çıraklık merkezi ve yatılı meslek liseleri kuracağız. • Meslek okullarında okuyan gençleri tam zamanlı sigortalı statüsüne yükselteceğiz. • Meslek okullarının bölgelerindeki ekonomiyle bütünleşmiş, esnek bir yapıya sahip olmalarını sağlayacağız.",1
tr_2003_ulusa_seslenis,2003,ulusa_seslenis,45,"Milletle AK Parti iktidarı arasındaki güven ilişkisini göremediler"" dedi. Onların ekonometrik modellerinde hesaba katılmayan bir faktörün devreye girdiğini ve IMF uzmanlarının en iyimser tahminlerini bile on kere katlayan muhteşem bir sonucun ortaya çıktığını ifade eden Erdoğan, şöyle konuştu: ""Onun için biz, bu güven meselesini çok önemsiyoruz. Milletin AK Parti'ye gösterdiği güven, aslında kendine duyduğu güvendir.",1
tr_2015_chp_secim_beyannamesi,2015,chp_secim_beyannamesi,61,"Uygar dünyadaki gelişmelerin aksine Türkiye, medyayı ve İnternet'i sansürleyen, gazetecileri tutuklayan ve muhalif görüşleri sindiren bir ülke konumuna sürüklenmiştir. İnternet yasakları iktidarın, ifade özgürlüğüne ve özgür kamusal alana inanmadığının önemli bir göstergesidir. CHP öncelikle basın mensuplarının özgürce haber yapma ve yurttaşların farklı kaynaklardan bilgilenme hakkını gözetecektir.",1
tr_2009_ulusa_seslenis,2009,ulusa_seslenis,310,"Tarihin en şanlı mücadelelerinden birini vererek kazandığımız istiklalimizin sembolü olan bu güzel bayram, milletimiz için her geçen gün daha da büyük bir anlam ve değer kazanıyor. Adım adım 100. kuruluş yılına yaklaşmakta olduğumuz Cumhuriyetimiz, geleceğimiz adına en büyük güvencemizdir.",1
tr_2015_akp_oct_6_secim_beyannamesi,2015,akp_oct_6_secim_beyannamesi,1010,"Otomotiv sektöründe, küresel pazarların ihtiyaçlarına yönelik özgün tasarım araçlarla markalaşmayı teşvik edecek ve bu kapsamda yerli marka otomobil üretimi çalışmalarını hızlandıracağız. Elektronik sektöründe çift amaçlı teknolojilerin (savunma/ sivil) uygulama imkânlarını dikkate alacak; sektörün ulaştırma, otomotiv, makine başta olmak üzere diğer sektörlerle entegrasyonunu artıracağız. Elektronik haberleşme alanında yeni nesil telsiz teknolojisine geçiş sürecinde baz istasyonu ve kontrol birimleri ürünlerinin geliştirilmesi ve üretimine önem vereceğiz.",0
tr_2012_ulusa_seslenis,2012,ulusa_seslenis,103,"Türkiye'nin sorunlarına daima gerçekçi şekilde baktık, değerlendirmelerimizi bu doğrultuda yaptık. Türkiye'ye inanmayanlarla, milletimize inanmayanlarla, karamsar, kötümser tablolar çizenlerle yollarımızı ayırdık… Sizin yolunuz size, bizim yolumuz bize dedik. Ancak, yüreğinde Büyük Türkiye heyecanı taşıyan, bu ülkenin kalkınması için elini taşın altına koymaya hazır olan her kesimle her zaman istişare halinde olduk… Yatırımcımıza, girişimcimize, sanayicimize, işverenimize, işçimize, emekçimize, sivil toplum kuruluşlarımıza asla ve asla kulak tıkamadık… Aksine, onlarla el ele verdik, onların beklentileri, onların talepleri doğrultusunda Türkiye'nin büyümesi için çaba harcadık.",1
tr_2011_ulusa_seslenis,2011,ulusa_seslenis,322,"Bu düşüşü de devam ettirecek, inşallah işsizliği de makul seviyelere düşüreceğiz. Milletçe hepimizi sevindiren Recep Tayyip ERDOĞAN 224 bir başka gelişmeyi de burada sizlere açıklamak istiyorum. Şu anda, dünyanın birçok ülkesi, kamu borçlarını çevirmek amacıyla Uluslararası Para Fonu'ndan yüksek faizlerle kredi çekmek için sıraya girmiş durumda.",1
tr_2006_ulusa_seslenis,2006,ulusa_seslenis,574,"Yolsuzluk, yoksulluk ve yasaklara karşı verdiğimiz mücadelenin neticeleri hayatlarımıza yansımaya başlıyor. Benim, demokrasinin direği olarak gördüğüm 'orta sınıf ', uzun yıllardan sonra yeniden hayata dönüyor, tekrar ortaya çıkmaya başlıyor. Özgür ve müreffeh Türkiye'nin ayak sesleridir bunlar.",1
tr_2010_ulusa_seslenis,2010,ulusa_seslenis,152,"Bu, en az 2 bin 332 ocağın daha şenlenmesi, 2 bin 332 sofranın daha bereketlenmesi; en az on bin kardeşimizin, evladımızın huzur ve saadeti, hayır duası demektir. Avrupa'da bir çok ülke küresel finans krizi nedeniyle çok ağır faturalar öderken, zor dönemlerden geçerken, Türkiye tam tersine bu süreçten, işte böyle böyle, hızla çıkıyor. Nitekim, uluslararası kuruluşların yanısıra, uluslararası basın kuruluşları da Türkiye'nin krizden en az etkiyle sıyrıldığını teyit ediyorlar.",1
tr_2015_akp_oct_6_secim_beyannamesi,2015,akp_oct_6_secim_beyannamesi,966,"6550 sayılı Araştırma Altyapılarının Desteklenmesine Dair Kanunun ikincil mevzuat çalışmalarını tamamlayacağız ve hayata geçireceğiz. Bu Kanunun hayata geçmesiyle araştırma altyapılarımızın özel sektörle çok daha yakın bir şekilde çalışması sonucunda araştırmaların ticarileşmesine önemli bir destek sunacağız. Dışa bağımlılığın yüksek olduğu sektörlerde, yerli ürün ve teknolojiler geliştirilmesine yönelik araştırma programlarını destekleyerek etkinleştireceğiz.",1
tr_2014_akp_june_5_secim_beyannamesi,2014,akp_june_5_secim_beyannamesi,311,Sanayi sitelerinde ve tesislerinde arıtma sistemleri tavizsiz tamamlanacak ve çevre koruma prensiplerine göre inşa edilecektir. Çevre ve Şehircilik Bakanlığınca atık su arıtma tesislerinin teşvik edilmesi amacıyla enerji giderlerinin % 50'si karşılanmaktadır. Debisi 10.000 m3/gün üzerinde olan arıtma tesislerinin çıkışlarına kurulan istasyonlarından su kalitesi anlık olarak Çevre ve Şehircilik Bakanlığınca izlenmektedir.,1
tr_2009_ulusa_seslenis,2009,ulusa_seslenis,415,İnşallah 2010 yılı her açıdan 2009'dan çok daha güzel bir yol olacaktır. Sevgili vatandaşlarım… Türkiye'nin hedeflerine ulaşma yolundaki kararlığından asla vazgeçmiş değiliz. Bu hedeflerden biri de Türkiye'nin şehirlerini birbirine bağlayan yolları çağdaş bir kalite ve seviyeye ulaştırmaktır.,1
tr_2008_ulusa_seslenis,2008,ulusa_seslenis,327,"Net asgari ücret 2002 Aralık ayında 184 YTL iken, 2008 Ekim ayında yüzde 173,3 oranında artarak 503 YTL'ye çıkmıştır. En düşük SSK emekli aylığı 2002 Aralık ayında 257 YTL iken, 2008 Ekim ayında 598 YTL'ye çıkmış, artış yüzde 132,7 olmuştur. En düşük BAĞ-KUR esnaf emekli aylığı 2002 Aralık ayında 149 YTL iken, 2008 Ekim ayında yüzde 214,1'lik bir artışla 468 YTL'ye yükselmiştir.",0
tr_2011_akp_june_5_secim_beyannamesi,2011,akp_june_5_secim_beyannamesi,552,"Kültürel mirasımızın korunması için gerekli teknik elemanların yetiştirilmesi sağlanacaktır. Tarihe mal olmuş bütün belgelerin hukuki sınırlar içinde bir arşivde toplanması ve kullanıma açılması gerçekleşecektir. Tüm illerde şehir müzesi kurularak, illerin kültürel varlıkları koruma altına alınacak ve gelecek nesillere aktarılacaktır.",1
tr_2011_ulusa_seslenis,2011,ulusa_seslenis,107,"Kızılay orada çadır kentler kuruyor, inşallah bu çadır kentlerin kapasitesi yakın zaman içinde 2 bin çadıra kadar çıkacak. Sağlık Bakanlığımız ilk aşamada tam teşekküllü bir sahra hastanesi kurarak hizmete başladı, önümüzdeki günlerde beş hastane daha süratle kurulacak. Diyanet İşleri Başkanlığımızın ve pek çok sivil yardım kuruluşumuz da kampanyalardan elde ettikleri kaynakları bölgeye ulaştırmak için adeta arı gibi çalışıyorlar.",1
tr_2010_ulusa_seslenis,2010,ulusa_seslenis,238,"Bütün bunları ülkemizin geleceğine bir yatırım olarak görüyor, bu hassasiyetle çalışmalarımızı yürütüyoruz. Türkiye eğitim alanında ektiği bu tohumların karşılığını hayatın her alanında kat be kat alacaktır, bundan hiç şüphemiz yok. Bu üniversitelerden, bu okullardan pırıl pırıl aydınlık, mutlu ve müreffeh Türkiye'nin mimarları yetişecek.",1
tr_2015_chp_secim_beyannamesi,2015,chp_secim_beyannamesi,771,"SURİYE • Suriye'de Barış ve İstikrarı Sağlamaya Dönük Adımlar Kalıcı barışı sağlamaya dönük bütün uluslararası girişimleri ve BM Suriye Özel Temsilcisi'nin çalışmalarını destekleyeceğiz. • Suriye halkının dostumuz olduğunu hiç unutmadan, iç savaşın taraflarıyla görüşebilen bir siyasi parti olarak, Suriye'ye barış ve güven getirmek için samimiyetle çalışmaya devam edeceğiz. • Suriye'de sürmekte olan savaşta taraf tutmayacak, Suriye'nin geleceğine dış müdahaleler olmaksızın Suriye halkının karar verebileceği koşulların yaratılmasına yardımcı olacağız.",0
tr_2009_ulusa_seslenis,2009,ulusa_seslenis,84,"Değerli vatandaşlarım… Her geçen gün artan enerji ihtiyacı hesaba katılırsa, bu projelerin, başta Avrupa ülkeleri olmak üzere dünyanın enerji can damarı demek olduğu rahatlıkla anlaşılır. Türkiye bugün konumu ve istikrarıyla bu kritik haritanın en önemli adresi haline gelmiş bulunuyor. Bunlara ilaveten, doğalgazın Türkiye-Bulgaristan-Romanya ve Macaristan üzerinden Avusturya'ya taşınmasını öngören Nabucco Doğal Gaz Boru Hattı Projesi'ne ilişkin çalışmalar da bütün hızıyla devam ediyor.",0
tr_2004_ulusa_seslenis,2004,ulusa_seslenis,225,"Hedefimiz, denizcilik sektörünün tersaneler, kıyı yapı ve tesisleri, deniz altı kaynakları, balıkçılık, deniz turizmi gibi diğer unsurlarında da aynı değişimi gerçekleştirerek bunu o sektörde olanlara yaşatmaktır."" ""Başladığımız işi hayırlısıyla bitirip, bu ülkeyi adil ve kalkınmış bir ülke haline getireceğiz"" diyen Erdoğan, bütün bu gelişmelerin ""Türkiye'nin damarlarına kan gelmeye başladığının işareti"" olduğunu söyledi. Erdoğan, ""Bizlere olan inancınızı, Recep Tayyip ERDOĞAN 156 güveninizi asla kaybetmeyiniz. Türkiye, haklının hakkına sahip olacağı, çalışanın ezilmeyeceği, demokrasinin bütün kurumlarıyla işleyeceği örnek bir ülke olacaktır"" diye konuştu.",1
tr_2015_chp_secim_beyannamesi,2015,chp_secim_beyannamesi,839,CHP ileri teknoloji üreten ve kullanan bir bilgi ekonomisi hedefine ulaşabilmek için kadınların yaşamın bütün alanlarında erkeklerle aynı haklara sahip olması ve aynı konuma gelmesi için çalışacaktır. Bilgi Toplumu için Uzlaşma ve Mutabakat Bilgi toplumuna ulaşmak için devletin düzenleyici ve uzlaştırıcı rol oynaması gerekmektedir. İş dünyası toplumsal sorumlulukları konusunda bilinçli ve duyarlı olmalıdır.,0
tr_2005_ulusa_seslenis,2005,ulusa_seslenis,145,"Böylece, diyelim ki, çiftçimiz birinci sınıf ekmelik buğdayını 350 bin liraya sattıysa, bunu belgelemesi halinde 30 bin lira da prim alacaktır. En geç bir ay içinde eline toplam 380 bin lira geçmiş olacaktır. Bu yeni bir uygulamadır, TMO bundan önce böyle bir uygulama yapmıyor, sadece aldığı buğdayı kayıt altına alıyordu.",0
tr_2004_ulusa_seslenis,2004,ulusa_seslenis,265,"Bugün her ülkenin küresel mali kaynaklardan azami derecede Ulusa Sesleniş Ankara | 12 Kasım 2004 Recep Tayyip ERDOĞAN 180 yararlanmak ihtiyacı içerisinde olduğunu kaydeden Erdoğan, ""Türk ekonomisinin yabancı sermaye açısından giderek daha cazip bir adres haline geliyor olması bu bakımdan son derece kayda değer bir gelişmedir. Bu ilgiyi canlı tutmak, sürekli hale getirmek ve ekonomimize yeni değerler kazandıran mali kaynaklardan en iyi ve en verimli şekilde yararlanmak konusunda büyük gayret sarf ediyoruz"" diye konuştu. Başbakan Erdoğan, çalışan kesimlerin, yıllardan beri, emeklerinin karşılığını tam olarak alamamanın sıkıntısını yaşadıklarını, giderek bozulan ekonomik yapı ve kamu yükünün, Türkiye'de ücret dengesinin daima çalışanlar, dar gelirliler aleyhine bozulmasına neden olduğunu belirtti.",1
tr_2015_akp_oct_6_secim_beyannamesi,2015,akp_oct_6_secim_beyannamesi,1302,"Bu rakam bugün 8,5 milyar dolara yaklaşmıştır. Toplam ticaret hacmi ise 1,3 milyar dolardan 12,6 milyar dolara çıkmıştır. Diğer bölgelerle ticari ve siyasi ilişkilerimizi geliştirirken stratejik bir hedef olarak gördüğümüz Avrupa Birliği üyelik perspektifimizi ihmal etmedik.",0
tr_2011_akp_june_5_secim_beyannamesi,2011,akp_june_5_secim_beyannamesi,770,"Çocuğun yararının üstün tutulduğu, bireyin, ailenin, toplumun ve devletin tam katılımına dayalı “Çocuk Hakları Kültürü” temelinde “Çocuk Ombudsmanlığının” kurulmasını sağlayacağız. 202 2011 YOLUNDA AK PARTİ SEÇİM BEYANNEMELERİ Her çocuğun mutlaka bir aile yanında yaşamını sürdürmesi gerektiği görüşünden hareketle; sosyal yoksunluğu olan çocukların yatılı kuruluş bakımı yerine “Profesyonel Koruyucu Aile veya Evlat Edindirme Sistemi”ni bu durumdaki tüm çocukları kapsayacak şekilde yaygınlaştıracağız. Çocukları ile birlikte yalnız yaşayan annelere, yaşamlarını çocuklarından ayrılmadan daha güvenli ve sağlıklı olarak sürdürebilmeleri için, barınma öncelikli “Stüdyo Evler” ile birlikte her türlü sosyal desteği sağlayacağız.",1
tr_2006_ulusa_seslenis,2006,ulusa_seslenis,396,"Gerek Sayın Sinyora'yla bölgede görüşmeler yapıldı, Sayın Mahmud Abbas'la bölgede görüşmeler yapıldı. Aynı şekilde Olmert'le bölgede bizzat gidip görüşme yapıldı. Daha sonra Suriye Devlet Başkanı Sayın Beşar Esad'la görüşmeler yapıldı ve bunun yanında muhalefet gruplarıyla onların liderleriyle de görüşmeler yapıldı ve hiç biri Türkiye'yi biz burada istemiyoruz demediler.",0
tr_2002_akp_june_6_secim_beyannamesi,2002,akp_june_6_secim_beyannamesi,135,"Mali milat uygulaması kaldırılacaktır. • Kurum kazançlarının vergilendirilmesinde, gelir ve kurumlar vergisi arasında entegrasyon sağlanacaktır. Böylece, bir yandan kurum kazançları üzerindeki vergi yükü azaltılırken, diğer yandan gerçek kişi kazançlarının daha net tespiti mümkün olacaktır.",0
tr_2015_chp_secim_beyannamesi,2015,chp_secim_beyannamesi,589,"• Sektör bileşenlerinin master planına uygun, dengeli ve çevreye duyarlı biçimde hareket etmesini yasal güvence altına alacağız. Havalimanları • Kapasitesini aşan havalimanlarının geliştirilmesini sağlayacak, atıl havalimanlarının etkin kullanılması için hava yolu taşımacılarını teşvik edeceğiz. • Havaalanı olmayan illerde yaşayanların, en yakın havaalanına hızlı, emniyetli ve ucuz şekilde erişebilmesini sağlayacağız.",1
tr_2010_ulusa_seslenis,2010,ulusa_seslenis,316,"Aynı törenle Boğaziçi Üniversitesi çatısı altında faaliyet gösterecek Yüksek Akım Laboratuarı ve Teknopark'ı da hayırlısıyla hizmete açtık. Türk Patent Enstitüsü ile Boğaziçi Üniversitemiz arasında bir Bilgi ve Doküman Birimi kurulması için de aynı gün imzaları attık. Bunlar diğer üniversitelerimize de ilham verecek, vizyonlarını geliştirecek, alanında yine öncülük misyonu üstlenen örnek yatırımlardır.",1
tr_2015_chp_secim_beyannamesi,2015,chp_secim_beyannamesi,752,"Bu yaklaşım Türkmen, Kürt, Kafkas, Balkan veya Orta Asya kökenli yurttaşlarımız arasında hiçbir ayrım gözetmeksizin uygulanacaktır. Bu hedefe dönük adımlar, CHP'nin temel dış politika ilkeleri arasında yer alan, “komşuların iç işlerine karışmama” yaklaşımı ile uyumlu olacaktır. CHP, Türkiye'nin bölgesinde barışın ve güvenliğin tesis edilmesi ve yeniden örnek bir ülke haline gelmesi için ülkemizin pusulasını tekrar çağdaş medeniyet yoluna çevirmesi gerektiğine inanmaktadır.",0
tr_2003_ulusa_seslenis,2003,ulusa_seslenis,161,"Bu değerleri her söz konusu edişimizde, dünyada incitebileceğimiz masum çoğunluklar bulunduğu gerçeğini aklımızdan ve vicdanımızdan çıkarmamalıyız. Modern dünyada her inanç ve fikir grubunda ortaya çıkabilecek marjinal sapmaları teşhis ve teşhir ederken, bu sapmalarla hiç ilgisi olmayan geniş inanç ve fikir bütünlüklerini rencide etmekten özenle kaçınmalıyız. Terör ve şiddet eğilimleri, başta bütün semavi dinler olmak üzere, bütün inanç ve fikir bütünlüklerinden kopuk, sapkın hareketlerdir.",1
tr_2010_ulusa_seslenis,2010,ulusa_seslenis,263,"Türkiye denizlerinin ne büyük bir nimet olduğunun artık farkına varıyor. Hem devlet olarak, hem de özel sektörümüzle denizcilik alanında yeni ufuklara yelken açmış durumdayız. Bu güzel gelişmenin bir nişanesi olarak 2 Ekim'de özel sektör tersanelerimizde üretilen en büyük kuru yük gemisinin teslim törenini gerçekleştirdik.",0
tr_2002_akp_june_6_secim_beyannamesi,2002,akp_june_6_secim_beyannamesi,217,"Ancak, turizm bölgelerinin planlanması aşamasından başlayan bazı sorunlar, özellikle merkezden planlama ve yönetme anlayışının yarattığı sıkıntılar nedeniyle, kıyı şeritlerinde yanlış uygulamalar yapılmıştır. Bu yanlışlıkların giderilmesi için kıyı şeridi turizminin yeni bir anlayışla ele alınarak yapılandırılması gerekmektedir. Ülkemizin zengin turizm potansiyeli harekete geçirilerek, dünya turizm pastasında önemli bir yer tutan iş-kongre, fuar, spor ve kültür turizmi alanlarında, dinlence turizminde edindiğimiz konuma gelmemizi sağlayacak bir hamle başlatılmalıdır.",1
tr_2003_ulusa_seslenis,2003,ulusa_seslenis,10,"Başbakan Erdoğan, konuşmasını şöyle sürdürdü: ""Bu gelişmeler olurken, bütün dünya ile beraber bizim de korktuğumuz, 'sözün bittiği yere geldik' ve ne yazık ki savaş başladı. Bu arada tüm dünyada önemli gelişmeler oldu. Temel misyonu 'barış' olan Birleşmiş Milletler Teşkilatı derin bir yara aldı.",1
tr_2011_akp_june_5_secim_beyannamesi,2011,akp_june_5_secim_beyannamesi,535,"2002 yılında ülkemizde 42 kültür merkezi varken, bu sayı Ak Parti iktidarının 8,5 yılında 2 kattan fazla arttı ve 2011'de 98 kültür merkezine ulaştı. “Kamu Eliyle Yapılan Kültür Yatırımlarına Destek Projesi” kapsamında yerel yönetimlerimize sağladığımız ek kaynaklarla tam 45 kültür merkezi yapımını destekledik. Müze ve ören yeri ziyaretçi sayısı 2002'de 7,5 milyondan 2011'de 26 milyona yükseldi.",0
tr_2006_ulusa_seslenis,2006,ulusa_seslenis,445,"Bu, Türkiye'nin geleceği açısından son derece önemli bir adımdır. Bu tarihi karara oy vererek daha önce yapılamayanı yapan ve Türk siyasetine dinamizm kazandıran bütün milletvekili arkadaşlarıma huzurlarınızda bir kere daha teşekkür ediyorum. Türkiye bu kararla, son dört yıl içinde elde ettiği kazanımları daha ileri noktalara taşıyacak yeni bir enerjiye, yeni dinamiklere, yeni bakış açılarına, yeni heyecanlara kavuşmuştur.",1
tr_2007_akp_june_6_secim_beyannamesi,2007,akp_june_6_secim_beyannamesi,59,"Türkiye'nin güvenliği için gösterdiğimiz azami dikkatin gereği olarak bütün politikalarımızın birbirini tamamlar nitelikte olmasını, istismar edilen zaaf alanlarına karşı toplumun bütün savunma mekanizmalarının güçlenmesini hayati derecede önemsiyoruz. Hiçbir şiddet ve terör odağının nüfuz edemeyeceği en büyük gücün milletimizin birlik ve beraberlik ruhu olduğunu iyi biliyoruz. Türkiye 70 milyon vatandaşıyla birlikte güvenliğine, hudutlarına ve büyük bir mücadeleyle kazanmış olduğu istiklaline ilelebet sahip çıkacaktır.",1
tr_2004_ulusa_seslenis,2004,ulusa_seslenis,257,"Müzakere sürecinin başlamasıyla birlikte, ekonominin yeni imkanlara ve yeni kaynaklara ulaşacağının bir gerçek olduğunu vurgulayan Erdoğan, Recep Tayyip ERDOĞAN 172 özellikle doğrudan yabancı sermayenin Türkiye'ye girişi konusunda çok ciddi bir canlanma yaşayacağının şimdiden söylenebileceğini kaydetti. Başbakan Erdoğan, bu canlanmanın, son iki yılda ekonominin gösterdiği üstün performansa ilave olarak yaşanacağını anlatarak, ekonominin güven ve istikrar zemininde yaptığı atılımın, Türkiye'ye yabancı sermaye girişini aşamalı olarak zaten hızlandırdığını söyledi. Erdoğan, bu yıl sonu itibariyle doğrudan yabancı sermayenin Türkiye'ye girişinin 2.5 milyar dolar olduğunu, bu rakamların hızla artış göstereceğini umduklarını ifade etti.",1
tr_2015_akp_oct_6_secim_beyannamesi,2015,akp_oct_6_secim_beyannamesi,541,"• Yer altında çalışan işçilerimizin fiili hizmet zammı sürelerini genişlettik. • Madencilerin emeklilik yaş koşulunu düşürdük. Mevcut koşullarda yıpranmayla 48,5 yaşında emekli olan madenci 43,5 yaşında emekli olabilecektir.",0
tr_2012_ulusa_seslenis,2012,ulusa_seslenis,113,"Dikkatinizi çekiyorum: Büyük Selçuklu Devletinden bugüne kadar, millet olarak biz, her zaman barışın, uzlaşmanın, kucaklaşmanın, bir ve beraber olmanın, kardeş olmanın bayraktarlığını üstlendik. Bağdat, Basra, Aden Körfezi, Kahire, Kudüs, Şam, özellikle de Mekke ve Medine tehdit edildiğinde, tamamen insani duygularla, vicdani duygularla, medeniyetimizin bize yüklediği sorumlulukla, tehditlere karşı göğüs germeyi vazife bildik. Şam ve Kudüs'e doğru kuzeyden Haçlı orduları ilerlerken, biz, Şam ve Kudüs'ün güvenliğini ta İznik'ten başlattık!",1
tr_2011_akp_june_5_secim_beyannamesi,2011,akp_june_5_secim_beyannamesi,151,"Finans sektörü ile reel sektör ve bireysel kredi kullananlar arasında sağlıklı kredilendirme ve geri ödeme ilişkisinin tesisine önemli katkıda bulunduk. Geçmişte İstanbul Yaklaşımı ve Anadolu Yaklaşımı çerçevesinde, binlerce firmanın bankalara olan borcunun yeniden yapılandırılmasında olduğu gibi, ödeme güçlüğü yaşayan vatandaşlarımızın kredi kartları borcu yeniden yapılandırılmıştır. Atmış olduğumuz bu adımlar sonucunda bankacılık sektörünü bilanço yapısı sağlam, sermaye yeterliliği güçlü, kur ve kredi riski düşük, sağlam bir yapıya kavuşturduk.",0
tr_2012_ulusa_seslenis,2012,ulusa_seslenis,130,"Akdeniz'de, uluslar arası sularda, namert bir saldırıyla düşürülen uçağımızın pilotlarıyla ilgili umutlarımızı da muhafaza ediyoruz. Umutlarımızı halen koruduğumuz bu süreçte, pilotlarımızın ailelerine de sabır ve metanet diliyorum. Aziz vatandaşlarım… Dış politikada, elbette, gündemimizde sadece terör ve Suriye meselesi yok.",1
tr_2008_ulusa_seslenis,2008,ulusa_seslenis,185,"Bu hükümet olarak sadece bizim meselemiz değildir, Türkiye'nin meselesidir. Sosyal güvenlik sistemimizin çok daha sağlıklı işlemesi, çalışanlarımızın daha yüksek standartlara ulaşması, ekonomimizin bu ağır yükten kurtulması içindir. Şu anda zararı hep birlikte bizler karşılıyoruz, bu açığı kapatmak için hepimiz fedakârlık ediyoruz.",1
tr_2015_akp_oct_6_secim_beyannamesi,2015,akp_oct_6_secim_beyannamesi,733,"2002-2014 döneminde toplam ilave 6,6 milyon kişiye istihdam yeni istihdam imkanı sağlamış olduk. Özellikle küresel krizin etkisiyle bir çok ülkede işsizlik oranı artarken ve yeni iş imkanları oluşturulamazken ülkemiz son derece başarılı bir performansla istihdamda büyük artışlar elde edebilmiştir. Bu başarıda büyüme kadar aktif işgücü politikalarımızın ve çeşitli sektörlerde izlediğimiz istihdam dostu politikaların da katkısı olmuştur.",0
tr_2015_chp_secim_beyannamesi,2015,chp_secim_beyannamesi,174,ŞİRKETLERİN DEĞER ZİNCİRİNDE KATMA DEĞERİ YÜKSEK ÜRETİM AŞAMALARINA GEÇİŞİ • Ar-Ge faaliyetlerinin üretim odaklı ve tasarım sürecini kapsayacak şekilde yürütülmesini sağlayacağız. • Ürün ve süreç tasarımını Ar-Ge faaliyetleri kapsamına dâhil edeceğiz. • Türk Tasarım Danışma Konseyi'ni daha etkin hale getireceğiz.,0
tr_2015_chp_secim_beyannamesi,2015,chp_secim_beyannamesi,751,"CHP'nin yurttaş merkezli, değer temelli, çoğulcu, barışçı ve dünyaya açık, tutarlı politikaları, Türkiye'yi bölgesel barış, kalkınma ve demokrasi merkezi haline getirecektir. CHP iktidarında Türkiye, yeniden, sorumluluklarını bilen, ortak hedeflere ulaşmak için iş birliği yapan, diplomatik nezaketi ile örnek olan, güvenilir ve itibarlı bir ülke olacaktır. Dış politikamızdaki ana ilkelerimizden biri, yurttaşlarımızın akraba topluluklarının bulundukları ülkelerde demokratik haklarını en ileri düzeyde kullanabilmelerine, özgür şekilde ve iyi koşullarda yaşayabilmelerine katkıda bulunmaktır.",1
tr_2015_chp_secim_beyannamesi,2015,chp_secim_beyannamesi,396,"CHP, yurttaşlarımızın gelecekleri hakkında söz sahibi olması ve bağımsız bireyler olarak yaşayabilmesi için eğitimin vazgeçilmez olduğuna inanır. Eğitim, CHP'nin özellikle kadın-erkek eşitliği, yoksullukla mücadele ve kalkınma alanında en önemli aracı olacaktır. CHP eğitime yapılan tüm yatırımların, aslında özgürlüğe, barış içinde bir arada yaşamaya ve toplumsal gelişmeye yapıldığı görüşündedir.",0
tr_2009_ulusa_seslenis,2009,ulusa_seslenis,426,Bu toplantı için Türkiye'ye gelen İran Cumhurbaşkanı Sayın Ahmedinejad ile Dolmabahçe Sarayı'nda bir araya gelerek iki ülke ilişkileri ve bölgesel meselelerle ilgili çeşitli konuları bir kere daha görüşme imkanı bulduk. Bu vesileyle geçtiğimiz ay yaptığımız İran ziyareti sırasında heyetimize göstermiş oldukları nazik ilgi için de kendilerine teşekkür ettik. Bu ay içinde misafir ettiğimiz yabancı dostlarımız bununla da sınırlı değildi.,1
tr_2004_ulusa_seslenis,2004,ulusa_seslenis,30,"Bundan önce olduğu gibi yine KKTC ile birlikte oluşturacağımız yeni strateji ve açılımlar çerçevesinde, Kıbrıs Türk halkının haklarını başta Avrupa Birliği olmak üzere her platformda ısrarla ve dikkatle savunacağız."" Öncelikli hedeflerinin Kıbrıs'ın 30 yıldan bu yana sıkıntısını çektiği ekonomik ambargoların kaldırılması olduğunu belirten Erdoğan, KKTC üzerinde uygulanan tecrit politikalarının derhal yürürlükten çekilmesi gerektiğini vurguladı. Erdoğan, ""Tavrını açıkça çözümden yana koyan Kıbrıslı Türkleri dışarıda bırakan ve yine tavrını açıkça çözümsüzlükten yana koyan Kıbrıslı Rumları üye yapmaya hazırlanan bir Avrupa Birliği'nin elbette KKTC'nin geleceği için mutlaka atması gereken bazı adımlar olacaktır. Bu adımların bir an önce atılması ve sonuçlandırılması için her zeminde çaba göstermeye devam edeceğiz"" diye konuştu.",1
tr_2005_ulusa_seslenis,2005,ulusa_seslenis,105,"2005 yılının ilk iki ayında tescil işlemi yapılan esnafımızın sayısı 27.300 olarak gerçekleştirilmiştir. 2004 yılı içerisinde esnaf ve sanatkarlara sübvansiyon için ayrılan kaynak tutarı 25 trilyon liradan 90 trilyon liraya çıkarılmış, uygulanan cari faiz oranı % 35'den % 30'a çekilmiş, böylelikle esnafa kullandırılan kredilerde % 25 faiz oranı uygulanmıştır. Bu suretle, esnaf ve sanatkarlara 1.4 katrilyon liralık kul landırılabilir kredi kaynağı sağlanmış ve böylece 2004 yılında kullandırılan toplam kredi miktarı itfalardan kaynaklanan geri dönüşlerle birlikte 2.5 katrilyon lira olarak gerçekleşmiştir.",1
tr_2015_akp_oct_6_secim_beyannamesi,2015,akp_oct_6_secim_beyannamesi,427,"Yükseköğrenim gören gençlerimizin barınma, beslenme, burs ve kredi imkânlarını iktidara geldiğimiz 2002'ye göre çok daha iyi seviyelere ulaştırdık. 2003'ten bugüne, başvuru yapan her üniversite öğrencimize burs veya kredi imkânı sağladık. 2002 yılında 494 milyon TL olan YURTKUR bütçesini yaklaşık 14'e katlayarak 2015 yılında 7 milyar TL'ye yükselttik.",0
tr_2011_akp_june_5_secim_beyannamesi,2011,akp_june_5_secim_beyannamesi,419,"Anahat ve bölgesel demiryolu ağının şehir içi ulaşım sistemleri ile bütünleşmesi sağlanacaktır. Başta İstanbul-Kars-Tiflis-Baki olmak üzere, Kavkaz- Samsun-Basra, Güneydoğu Asya, İstanbul-Basra, İstanbul- Halep-Mekke, İstanbul-Halep-Kuzey Afrika gibi ülkemizi demir yolu ile bölge ülkelerine bağlayacak yeni koridor ve bağlantıların oluşumuna yönelik projelere öncelik verilecektir. Havacılık Sektörü 2023'e kadar tamamen yerli, bölgesel kendi uçağımızı yapmış olacağız.",1
tr_2007_ulusa_seslenis,2007,ulusa_seslenis,216,"Benim “demokrasinin direği” olarak gördüğüm “orta tabaka”, eriyip kaybolmuştu. Şimdi böyle bir hayat standardının tekrar yaygınlaşmaya başladığını görüyoruz. Orta tabaka hayat standardı, benim için, kaliteli ve ulaşılabilir bir eğitim ve sağlık hizmeti, gerçekleştirilebilir bir ev ve araba hayali demektir.",1
tr_2010_ulusa_seslenis,2010,ulusa_seslenis,388,2010 yılı sonu itibarıyla tarımsal destekleme ödemeleri başlığı altında yaptığımız ödemelerin 5 milyar 700 milyon liraya ulaşacağını tahmin ediyoruz. 2011 yılında çiftçilerimize yapacağımız tarımsal destekler ise 2010 yılı başlangıç ödeneklerine göre yüzde 7 oranında bir artışla 6 milyar TL seviyesine yükselecek. 2010 yılsonu itibarıyla tarımsal destekleme niteliğindeki diğer ödemeler ile birlikte tarım kesimine tam 8 milyar 300 milyon lira kaynak aktarmış olacağız.,1
tr_2004_ulusa_seslenis,2004,ulusa_seslenis,130,"Avrupalı dostlarımız alacakları kritik kararın sadece Türkiye'nin AB müzakereleriyle ilgili olmadığını, çok daha geniş perspektiflere sahip olduğunu görecek, kararlarını bu hassasiyetle alacaklardır. Yoksa hiç kimse Türkiye'nin ortaya koyduğu medeniyetler vizyonunu es geçerek, AB kapısını çaresizce çalmakta olduğunu aklına getirmemelidir. Türkiye büyük bir ülkedir ve her durumda büyüklüğüne yakışır bir vakar içinde geleceğe doğru yolculuğunu sürdürecektir."" Burada özetlemeye çalıştığı son bir aylık gelişmelerin, Türkiye'nin izlediği çok yönlü aktif barış diplomasisinin kazanımlarını daha şimdiden elde etmeye başladığını gösterdiğini belirten Erdoğan, ""Ülkemizin gelecek dönemde uluslararası diplomasi trafiğinin kavşak noktalarından biri olacağı ve merkezi bir rol oynayacağı rahatlıkla görülebiliyor"" dedi.",1
tr_2006_ulusa_seslenis,2006,ulusa_seslenis,592,"İşte 2007 bütçesinin ruhu budur, anlamı budur, hedefi budur. Değerli vatandaşlarım… Hükümet olarak 2007 yılı bütçesinin ömrünü çok aşan orta ve uzun vadeli hedefler koyduk. 4 yıldır kesintisiz büyüyen, bugün de büyümesini aynı hızla sürdüren bir ekonomiye sahibiz.",1
tr_2011_akp_june_5_secim_beyannamesi,2011,akp_june_5_secim_beyannamesi,113,"Son dönemlerde ülkemizin coğrafi ve kültürel havzasında yaşanan gelişmeler ve yükselen talepler, izleyeceğimiz politikaların daha geniş bir çerçevede yankılanacağı bir dönemi işaret etmektedir. Halkın iradesine dayalı yönetimlerin, geniş kitlelerin kalkınma taleplerine cevaplar oluşturmak durumunda olduğu bu yeni dönemde, Türkiye'nin tecrübesi daha değerli hale gelecektir. Bu gelişmeleri doğru okuyan ve bunlar için gerekli politikaları uygulayan bir iktidar, hem bu ülkelerin demokratikleşmesine ve kalkınmasına katkı sağlayacak, hem de ülkemizin güçlü Türkiye vizyonuna hizmet edecektir.",1
tr_2008_ulusa_seslenis,2008,ulusa_seslenis,2,"Millet olarak hedeflerimiz büyük, ideallerimiz büyük. Gazi Mustafa Kemal Atatürk'ün veciz ifadesiyle Cumhuriyetimiz'i muasır medeniyetlerin üzerine çıkarmak için daha aşmamız gereken sorunlar, halletmemiz gereken meseleler var. Bir çoğunun artık daha fazla ertelenmeye, ötelenmeye, görmezden gelinmeye tahammülü olmasa da karşı karşıya bulunduğumuz sorunlar, geleceğe olan inancımızı kırmamalıdır.",1
tr_2011_akp_june_5_secim_beyannamesi,2011,akp_june_5_secim_beyannamesi,966,"Biz bu yaklaşımı reddettik ve karşılıklı güçlenmeye ve kazanca dayalı yeni bir dış politika vizyonu geliştirdik. “Kazan- kazan” durumunun mümkün olduğunu gösterdik ve böylece hem ülkemizin milli çıkarlarını koruduk, hem de komşularımızla ilişkilerimizi düzelttik. Türkiye, ekonomik ve siyasi sorunlarla boğuşan ülkelerin bulunduğu bir coğrafyada kendi başına güvenlik ve refah içinde olamaz.",1
tr_2010_ulusa_seslenis,2010,ulusa_seslenis,295,"Türkiye, son sekiz yıl boyunca konuştuğumuz o aydınlık yarınlara, o mutlu ve müreffeh geleceğe çok daha yakın artık. Bir olarak, birlik olarak, dost ve kardeş olarak, yediden yetmişe millet olarak başladığımız bu medeniyet yolculuğunu mutlaka tamamlayacağız, buna her birimiz gönülden inanıyoruz. Değerli vatandaşlarım...",1
tr_2012_ulusa_seslenis,2012,ulusa_seslenis,67,"Kardeşlik hukuku içinde bu meseleyi de çözüme kavuşturarak, yolumuza devam edeceğiz. Aziz vatandaşlarım... Biliyorsunuz ki bizler, her ay ülkemizin bir veya birkaç bölgesini, birkaç vilayetini ziyaret ediyor; oralarda gerçekleştirdiğimiz toplu açılış törenleriyle, ülkemizin büyü- 323 Yeni Türkiye Vizyonu | Efendi Değil Hizmetkar Olmak-7 mesine ve gelişmesine katkı sağlamanın, milletimize hizmet etmenin onurunu, bahtiyarlığını yaşıyoruz.",1
tr_2011_chp_secim_beyannamesi,2011,chp_secim_beyannamesi,157,"• Tarım ve hayvancılıkta iç üretimi artırıp, ithalatı azaltacağız. Üretimde akılcı planlanma ile kısa sürede ülkemizi dışarıya mal satan bir ülke haline • Taksi esnafının güvenlik kabinli araca geçişinde bir sefere mahsus ÖTV getireceğiz. almayacağız.",0
tr_2015_akp_oct_6_secim_beyannamesi,2015,akp_oct_6_secim_beyannamesi,885,Her 100 km mesafede bir havalimanına ulaşacak şekilde “Hava Ulaşım Ağı” oluşturacağız. Önemli projelerimizden Diyarbakır Havalimanı Terminal Binası ve Mütemmimleri Projesini tamamlayacağız. Milli Bölgesel uçak yapımına başlayacağız.,1
tr_2015_akp_oct_6_secim_beyannamesi,2015,akp_oct_6_secim_beyannamesi,258,"Sosyal ve beşeri sermayemizdeki gelişmelerin iktisadi kalkınmayı tetiklediği, demokratikleşmeyi artırdığı ve dış dünyada ülkemizin görünürlüğünü daha üst noktalara taşıdığının bilincindeyiz. Bu yaklaşımla, eğitim kalitesini yükselten, etkili sağlık hizmeti sunan, nüfusun dinamizmini ve aile yapısını koruyarak geliştiren, kadınına, gencine, çocuğuna ve çalışanına hak ettiği yeri, önemi ve desteği veren bir iktidar olmayı sürdüreceğiz. Çocuklarımızı potansiyel gençler, gençlerimizi de geleceğimizin teminatı olarak görürken, onlara hak ettikleri bedensel, kültürel ve sanatsal ortamı daha kaliteli bir biçimde sağlayarak insanı merkeze alan kalkınma anlayışımızı devam ettireceğiz.",1
tr_2015_chp_secim_beyannamesi,2015,chp_secim_beyannamesi,433,"• Hizmet içi eğitimlerin özel eğitim kuruluşları veya eğiticiler tarafından verilmesinin yol açtığı ticarileşmenin önüne geçeceğiz. • Tüm kamu çalışanlarını bireysel gelişim, kamu hizmeti hassasiyeti ve etik konularında standart bir eğitime tabi tutacağız. ŞEFFAFLIK VE ETKİN DENETİM Kamu Yönetiminde Etik İlkeleri Egemen Kılacağız • Kamu yönetiminde etik ilkelerin ve kuralların yerleşmesini sağlayacak düzenlemeleri hayata geçireceğiz.",0
tr_2003_ulusa_seslenis,2003,ulusa_seslenis,36,"Bölgede sürüp giden kan davalarının, terör ve katliamların, yoksulluğun, cehaletin, önyargıların ortadan kaldırılması için yapılacak çok işin bulunduğunu belirten Başbakan Erdoğan, ""Bu çerçevede başta ABD olmak üzere herkese, uluslararası camiaya, bütün bölge ülkelerine ve özellikle Türkiye'ye büyük sorumluluk düşüyor"" dedi. ""Türkiye'nin bu sorumluluklarını yerine getirebilmesi için de kendi evini düzene koyması gerekiyor"" diyen Başbakan Erdoğan, şöyle devam etti: ""Biz kendi emeğimizle, kendi alın terimizle, kendi aklımızla, kendi gayretimizle, ele güne muhtaç olmayan, karnı tok, sırtı pek, başı dik insanların yaşadığı bir Türkiye kuramazsak ne kendimize ne de komşularımıza bir hayrımız dokunur. Lafı döndürüp dolaştırmanın hiç manası yok.",1
tr_2009_ulusa_seslenis,2009,ulusa_seslenis,303,"İnşallah bu önemli atılımdan da Türkiye'nin yüzünü ağartacak sonuçlar alacak, hepimizin göğsünü kabartacak nesiller yetiştireceğiz. Değerli vatandaşlarım… Global ekonomik krizin ülkemizdeki olumsuz etkilerini en aza indirmek, Türkiye'nin kriz öncesi dinamik büyüme trendini yeniden yakalamasını sağlamak için ilgili bütün birimlerimizle birlikte yoğun bir mesai harcıyoruz. Geçen hafta, ilgili bakanlarımız, hem krizin Türkiye'ye çıkardığı faturayı sizlere en açık, en şeffaf biçimde aktardılar, hem de hükümetimizin geleceğe dönük orta vadeli planlarını bilginize sundular.",1
tr_2006_ulusa_seslenis,2006,ulusa_seslenis,37,"Ama bunun da ötesinde uluslararası ilişkilere barış ve iyi niyet perspektifinin hakim olması için gayret gösteriyor, bunun için öncü olmasını umduğumuz adımlar atıyoruz. Şunu biliyoruz ki dünya haritası üzerindeki her kıvılcım gelecek için bir yangın tehlikesi olacaktır. Küreselleşme kavramının her geçen gün yeni bir açılım kazandığı şu dönemde, insanlığa hizmet etmenin en doğru yolu, barış adına öne çıkmak, yılların kronikleştirdiği çözümsüzlüklere cesaretle çare aramaktır.",1
tr_2011_akp_june_5_secim_beyannamesi,2011,akp_june_5_secim_beyannamesi,1060,"Geniş Türk coğrafyasında yürüttüğümüz insani ve teknik yardımlar, sürdürülebilir projeler aracılığıyla akraba ve dost topluluklara hizmet vermeye devam edecektir. Geniş Türk coğrafyasında, Ortadoğu'da ve Kuzey Afrika'da yürütülen restorasyon çalışmaları devam ettirilecek, alt yapı hizmetlerine devam edilecek ve dünyanın dört bir tarafında bulunan ata yadigarı eserlerimiz koruma altına alınacak ve ziyaretçilerin hizmetine sunulacaktır. Bu çerçevede dünyanın farklı ülkelerinde bulunan Türk-Osmanlı eserlerinin tam bir envanteri çıkartılacak ve bunların titiz bir şekilde restorasyonuna devam edilecektir.",1
tr_2009_ulusa_seslenis,2009,ulusa_seslenis,457,"Muhtar aylığı 2002 Aralık ayında 97 TL iken, 2009 Ekim ayında 334 TL... Burada da yüzde 242.5'lik bir artış var. 385 Yeni Türkiye Vizyonu | Efendi Değil Hizmetkar Olmak -5 Bunlar yeterli mi?",0
tr_2015_chp_secim_beyannamesi,2015,chp_secim_beyannamesi,711,"• Bölgede, çalışanların güvenliğini esas alacak şekilde madencilik sektöründeki potansiyeli canlandıracağız. Doğru ve Yerinde Teşvik • Doğu ve Güneydoğu'da seçilmiş yatırımlara sıfır faizli ve uzun vadeli kredi vereceğiz. • Sektör temelinde, yeni, somut ve etkin bir yatırım teşviki uygulaması başlatacağız.",1
tr_2011_akp_june_5_secim_beyannamesi,2011,akp_june_5_secim_beyannamesi,577,"Aile yapısının temeli olan nikah kurumu desteklenecektir. Evliliklerin sorunsuz başlaması hedefine yönelik olarak, evliliğe uyum ve evlilikte iletişim gibi konularda gençlerin ve eş adaylarının, bilinçlendirilmesi için geliştirilen Evlilik ve Aile Eğitim Programının yaygınlaştırılması için başta yerel yönetimler ve STK'lar ile iş birliği geliştirilerek, evlilik ve aile sertifika programları yaygınlaştırılacaktır. TOKİ, yeni evli yoksul çiftler için Yuva Teşvik Konutu Programı başlatıyor.",0
tr_2012_ulusa_seslenis,2012,ulusa_seslenis,150,"İzmir'den bir gün sonra, 10 Haziran'da, Antalya'daydık. Düzenlediğimiz toplu açılış töreniyle, bir seferde, toplam maliyeti 438 milyon 544 bin lira olan 68 kalem yatırımı Antalyalı kardeşlerimize kazandırdık. 15 Haziran'da bu kez başka bir vilayetimizde, Sakarya'daydık.",1
tr_2011_ulusa_seslenis,2011,ulusa_seslenis,91,"Kıbrıs Türk tarafı sürecin başından beri çözümden yana olmuş, 7 Temmuz'da BM Genel Sekreteri'yle Cenevre'de yapılan üçlü görüşmede de bu yöndeki irade ve kararlılığını bir kere daha güçlü biçimde ifade etmiştir. Ada'da tarafların mutabık kaldıkları iki kesimlilik, siyasi eşitlik, eşit statüyü haiz iki kurucu devleti içeren yeni bir federal ortaklık kurulması için Türk tarafı bugüne kadar samimi bir çaba içinde olmuştur. Ancak maalesef karşı taraftan bu iyiniyetli ve uzlaşmacı yaklaşımı göremedik.",1
tr_2007_akp_june_6_secim_beyannamesi,2007,akp_june_6_secim_beyannamesi,586,"Türk kültür ve sanatının milli kimliğini muhafaza ederek evrensel platformlara taşınması, öncelikli hedeflerimiz arasındadır. Türkiye'nin yerel ve ulusal kültür değerlerini evrensel kültür mirasının parçası olarak gören iktidarımız, Türk kültür, sanat ve medeniyet eserlerinin yaşatılması, korunması ve tanıtılması alanında büyük adımlar atmıştır. 195 2007 YOLUNDA AK PARTİ SEÇİM BEYANNEMELERİ Tarihteki farklı kültür ve medeniyet havzalarından beslenerek medeniyetimizin en seçkin sentezini vücuda getiren Türkiye Cumhuriyeti'nin kültür ve sanat eserleri, sadece Anadolu toprakları üzerinde yaşayan insanlar açısından değil, insanlık mirası açısından da büyük önem taşımaktadır.",0
tr_2006_ulusa_seslenis,2006,ulusa_seslenis,18,"Azerbaycan ve Kırgızistan'dan işadamları ve resmi yetkililer KKTC'ni ziyaret etmiş, aynı şekilde KKTC'nin siyasi yetkilileri de yurt dışında üst düzeylerde artan şekilde muhatap bulmaya başlamışlardır. İslam Konferansı Örgütü de 2004 ve 2005 yılında aldığı kararlarda, Kıbrıslı Türklerin dünyayla bütünleşmeleri yönünde güçlü çağrılarda bulunarak, Kıbrıs Türk halkıyla dayanışma içerisinde olmuştur. Görüldüğü gibi biz bir yandan kapsamlı çözüm için çalışırken, diğer yandan da Kıbrıs Türklerine halen uygulanmakta olan izolasyon ve kısıtlamaların kaldırılması için gayret sarf ediyoruz.",0
tr_2011_akp_june_5_secim_beyannamesi,2011,akp_june_5_secim_beyannamesi,906,"Ülkemizde yerel yönetimlerin gerek nüfus ve gerekse yerleşim alanı özellikleri itibarı ile çok farklı ölçeklerde bulunduğu gerçeğinden hareketle yerel yönetimlerin yeniden yapılandırılması gerekmektedir. Bu kapsamda belediyelerimizin ve il özel idarelerimizin ölçekleri de göz önüne alınarak görev, yetki ve sorumlulukları ile ilgili düzenlemeler yerel yönetim reformu kapsamında sürdürülecektir. Köy Kanunu yeniden hazırlanacak, köy yönetimlerinin görev ve yetkileri artırılacak, mali kaynakları güçlendirilecek ve köy muhtarlarının özlük hakları iyileştirilecektir.",0
tr_2002_akp_june_6_secim_beyannamesi,2002,akp_june_6_secim_beyannamesi,49,"Sivil toplum kuruluşlarının yönetime daha aktif katılımı ile temsili demokrasinin katılımcı demokrasiye doğru gelişmesi sağlanacaktır. Böylece vatandaş, sadece seçimden seçime değil, güncel gelişmeler için de iradesini siyasal sürece yansıtma fırsatı kazanacaktır. Yönetimin demokratikleşmesi, toplumun olduğu kadar, devletin de lehinedir.",1
tr_2009_ulusa_seslenis,2009,ulusa_seslenis,489,"Sevgili vatandaşlarım… Sözlerime son vermeden önce, yeni bir yılın eşiğinde, bir hususu özellikle vurgulamak istiyorum. Birlik içinde, beraberlik içinde, kardeşlik içinde geleceğe yürüyoruz, yürümeye de devam edeceğiz. Aynı vatan üzerinde, aynı bayrak altında, ortak bir kaderi paylaşarak geleceği birlikte inşa edeceğiz.",1
tr_2015_chp_secim_beyannamesi,2015,chp_secim_beyannamesi,664,"• Tasarımcıların ve tüm paydaşların bir araya gelerek fikir alışverişinde bulunabileceği bir zemin hazırlamak amacıyla “Anadolu Tasarım Atölyeleri” (ATA) kuracağız. • Uyumlu Bina”, “Yeşil Bina”, “Yaşayan Sokak”, “Bizim Mahalle” projelerini bu atölyelerde iş birliği ile şekillendireceğiz. • Yenilik ve yaratıcılığı tasarımlarımızın dayanağı yapacağız.",0
tr_2003_ulusa_seslenis,2003,ulusa_seslenis,122,"Şimdi bütün bu değişikliklerin kağıt üzerinde kalmaması ve günlük hayatımıza yansıması için hep birlikte gayret göstermemiz gerekiyor.” İnsan haklarının geliştirilmesine de bu kapsamda büyük önem verdiklerini dile getiren Erdoğan, politikalarının temeline “insanı” koyduklarını söyledi. Erdoğan, demokrasinin nihai amacının başta düşünce, inanç, eğitim, örgütlenme ve teşebbüs özgürlüğü olmak üzere bütün sivil ve siyasi özgürlükleri güvence altına almak, vatandaşlara korku ve endişeden uzak bir yaşam sunmak olduğunu belirtti. Son dönemde 199 Yeni Türkiye Vizyonu | Efendi Değil Hizmetkar Olmak-1 işkence, kayıp, gözaltında ölüm, faili meçhul cinayet gibi insan hakları ihlallerinin “yok denecek kadar azaldığını” ifade eden Erdoğan, şunları kaydetti: “Bu olumsuzlukların sıfırlanması belki hiçbir ülkede mümkün değildir.",1
tr_2015_akp_oct_6_secim_beyannamesi,2015,akp_oct_6_secim_beyannamesi,858,"Havacılık alanında yaptığımız birçok düzenleme ile sektörün serbestleştirilmesini sağladık. Birçok ilimizde inşa ettiğimiz yeni hava limanları ve mevcut hava limanlarında yaptığımız modernizasyonlarla sektörün hızla büyümesini sağladık, hava yolunu halkın yolu haline getirdik. Böylece daha önce uçakla hiç tanışmamış vatandaşlarımızı, artık rahat bir şekilde havayoluyla seyahat etme imkânına kavuşturduk.",1
tr_2015_akp_oct_6_secim_beyannamesi,2015,akp_oct_6_secim_beyannamesi,739,Özel istihdam bürolarının sayısını 105'ten 338'e yükselttik. İŞKUR bünyesinde çalıştırılmak üzere yaklaşık 3 bin iş ve meslek danışmanı istihdam ettik. 192 İstihdamda temel düzenlemeleri içeren İş Kanununu yürürlüğe koyduk.,0
tr_2006_ulusa_seslenis,2006,ulusa_seslenis,244,"Bu çerçevede, D-8 grubunun itibar ve etkinliğini artırmak için kurumsal yapısını yine merkezi istanbul'da kalmak kaydıyla İcra Direktörlüğünden Genel Sekreterlik düzeyine çıkardık. Böylece sekretarya hizmetlerini itibar olarak da personel olarak Recep Tayyip ERDOĞAN 336 da güçlendirdik. Önemli bir nüfus gücüne, zengin doğal kaynaklara sahip olan bu 8 ülkenin gerek siyasi, gerekse ekonomik alanda beraberliklerini hangi somut adımlarla güçlendireceklerini böylece belirlemiş olduk.",1
tr_2005_ulusa_seslenis,2005,ulusa_seslenis,269,"Ancak geçimini karamsarlıktan kazananlar için bu tablo karanlık bir tablo, bu haber kötü haberdir. Çünkü Türkiye artık umutsuzlukla, karanlıkla, boş polemiklerle, gölge oyunlarıyla oyalanabilecek bir ülke olmaktan çıkmaktadır. Türkiye artık felaket tellallarının iş ve uğraş bulamayacakları bir ülke haline gelmektedir.",0
tr_2011_ulusa_seslenis,2011,ulusa_seslenis,36,"Oş ve Celalabad şehirlerinde yaşanan olaylar ülkenin tamamını olumsuz şekilde etkiledi. Anayasa referandumu ve ardından yapılan seçimlerle, bugün Kırgızistan bölgenin parlamenter demokrasiye sahip bir ülkesi olarak yoluna devam ediyor. Bütün bu süreç boyunca biz bütün imkânlarımızla dost ve kardeş Kırgızistan'ın yanında olduk, bundan sonra da olmaya devam edeceğiz.",0
tr_2015_akp_oct_6_secim_beyannamesi,2015,akp_oct_6_secim_beyannamesi,843,"2002- 2014 döneminde 216 milyar liralık yatırım gerçekleştirdik. Karayolu ulaşımında güvenliği arttırmak, yollarımızı dünya standartlarında kaliteli bir çehreye kavuşturmak, yıllardır ihmal edilen bölgelere en iyi karayolu ulaşım imkânını sunmak bu dönemdeki temel önceliğimiz oldu. Sinop'tan Sarp sınır kapısına uzanan şerit boyunca yaklaşık 550 km'lik otoyol standardında bölünmüş yolu kapsayan Karadeniz Sahil Yolu Projesi ve Bolu Tüneli Projesi başta olmak üzere pek çok büyük projeyi tamamlayarak vatandaşlarımıza daha güvenli ve konforlu seyahat etme imkânı sağladık.",1
tr_2009_ulusa_seslenis,2009,ulusa_seslenis,2,"Yerel yönetimlerimizin başarısının Türkiye'nin kalkınması ve ilerlemesi için hayati önemi haiz olduğunu daima ifade ettik, bu kanaatimizi bugün de daha güçlü bir şekilde muhafaza ediyoruz. Türkiye her seçimden olduğu gibi son seçimden de yüz akıyla çıkmış, milletimizin demokrasiye bağlılığı ve ülkemizin geleceğine olan inancı tartışılmaz bir gerçek olarak teyit edilmiştir. 29 Mart'ta milli irade bir kere daha bu doğrultuda tecelli etmiş, Türkiye'de demokrasinin ne kadar yerleşik bir varlık kazandığı millet oyuyla bir kere daha tasdik ve tescil edilmiştir.",1
tr_2011_ulusa_seslenis,2011,ulusa_seslenis,8,"Libya'da olayların başladığı andan itibaren, Dışişleri Bakanlığımızda bir kriz masası oluşturarak, vatandaşlarımızın tahliyesi için çalışmalara başladık. Dışişleri Bakanımız, Ulaştırma Bakanımız, Genel Kurmay Başkanlığı, Afet İşleri Genel Müdürlüğü, Sivil Havacılık Genel Müdürlüğü, Denizcilik Müsteşarlığı, Kızılay, hatta İstanbul Büyükşehir Belediyemiz, ilgili tüm kuruluşlarımız şu anda teyakkuz halindeler ve tahliye çalışmalarını yürütüyorlar. Sadece havayoluyla değil, kara ve deniz yoluyla da vatandaşlarımıza ulaştık.",0
tr_2012_ulusa_seslenis,2012,ulusa_seslenis,132,"Aynı şekilde bizler de ülke dışında çok sayıda önemli programa katıldık. 16 Haziran'da G-20 Zirvesi'ne katılmak üzere Meksika'ya gittik. Burada düzenlenen toplantılarda, yaptığımız ikili temaslarda, ABD Başkanı Obama, Rusya Devlet Başkanı Putin, Fransa Cumhurbaşkanı Holand başta olmak üzere, zirveye katılan dünya liderlerine, ülkemizin görüşlerini aktarma fırsatı bulduk.",0
tr_2006_ulusa_seslenis,2006,ulusa_seslenis,165,"Nitekim bunun sonuçlarını da aldık. Bakınız; şu rakamlara dikkatinizi çekmek istiyorum: 2002 yılında, biz iktidara geldiğimizde Türkiye'nin IMF'ye olan toplam borcu, tam 23 milyar 400 milyon dolardı. Bugün bu borç 13 milyar dolara inmiş durumdadır.",0
tr_2005_ulusa_seslenis,2005,ulusa_seslenis,174,"Bugün hedeflerimizi daha ileri götürmek ve çıtayı daha yükseğe koymak için çok daha inançlı ve kararlıyız. Enflasyonda, faizlerde, büyümede, ihracatta, istihdamda ve ekonominin diğer tüm göstergelerinde milletimizin hak ettiği, yıllardır ümitle beklediği, özlediği günlere inşallah hep birlikte ulaşacağız."" ""Bu güzel gelişmelerin yanında, maalesef hepimizin yüreğini dağlayan, yakaladığımız huzur ve istikrar ortamını bozmayı amaçlayan haince girişimlere de zaman zaman maruz bulunmaktayız"" diyen Erdoğan, son günlerde yaşanan menfur terör olaylarının, Türkiye'yi zor duruma düşürmeye, birlik ve beraberliği bozmaya, şiddet ortamını bu topraklarda yeniden canlandırmaya yönelik olduğunu ifade etti. Etnik kökeni ve dini inancı ne olursa olsun milletin et ile tırnak gibi kaynaştığından, 72 milyon evladıyla bir ve bütün olduğundan hiç kimsenin şüphesi bulunmaması gerektiğini belirten Başbakan Erdoğan, şöyle konuştu: ""En değerli sermayemiz de bu milletin tek tek evlatları olarak aramızdaki sevgi ve kardeşlik bağlarının gücüdür.",1
tr_2005_ulusa_seslenis,2005,ulusa_seslenis,195,"Erdoğan, bu durumun, farklı toplum ve kültürlerin ortak bir insanlık paydasında buluştuğu yeni bir barış çağı umutlarına gölge düşürdüğünü ifade ederek, ""Bu bir samimiyet sınavıdır. Çifte standart uygulayan yönetimlere, anlayışlara sesleniyorum, çok açık söylüyorum, insanlığın ortak geleceği, bu samimiyet sınavının sonucuna bağlı olacaktır"" diye konuştu. Diplomasinin ""düşman edinme değil, dost kazanma sanatı"" olduğunu vurgulayarak konuşmasını sürdüren Erdoğan, insanlığın, çağları damıtarak bugünlere taşıdığı medeniyet birikimlerine sahip çıkmak, dünyaya kan ve gözyaşı dışında bir şey getirmeyen çatışma kültürünün yerine yeni bir uzlaşma kültürü tesis etmek mecburiyetinde olduğunu bildirdi.",1
tr_2015_akp_oct_6_secim_beyannamesi,2015,akp_oct_6_secim_beyannamesi,670,"• Tarımsal desteklerin ekonomik, sosyal ve çevresel etkilerini değerlendireceğiz. Desteklemelerde etkinliği sağlarken, doğal kaynakların sürdürülebilir kullanımını ve gıda güvenilirliğini gözeteceğiz. • KÖİ uygulamalarıyla ilgili çerçeve kanun hazırlayacağız.",0
tr_2008_ulusa_seslenis,2008,ulusa_seslenis,293,"Yıllar yılı bölge halkını istismar eden terör örgütü, bizim bu yurt köşele- 139 Yeni Türkiye Vizyonu | Efendi Değil Hizmetkar Olmak -5 rinde açtığımız her okulla, her hastaneyle, inşa ettiğimiz her yol, her köprüyle ağır darbeler almaktadır. Rahatsızlıkları, panikleri, insafın vicdanın almayacağı menfur planlara tevessül etmeleri de bundandır. Birbirimizin yanında olarak, birbirimizin yaralarını sararak, ekmeğimizi bölüşerek, imkânlarımızı en adil şekilde paylaşarak, geçmişteki hataları da hakkıyla tamir ederek birlik ve beraberliğimizi eskisinden de güçlü hale getireceğiz.",1
tr_2015_chp_secim_beyannamesi,2015,chp_secim_beyannamesi,808,"191 GELİŞMEKTE OLAN ÜLKELER • Gelişmekte olan ülkeler arasındaki ticaretin ve kültürel etkileşimin dünya barışına ve sürdürülebilir kalkınmaya olan katkısından hareketle, bu coğrafyalarla kurulacak ilişkilere özel önem atfedeceğiz. • Bu ülkelerle ortak yatırımları, Ar-Ge programlarını ve öğrenci değişim programlarını geliştireceğiz. 192 BİLGİ TOPLUMUNA DOĞRU Günümüzde sanayi toplumları hızla gelişmekte ve bilgi toplumları haline gelmektedir.",1
tr_2011_akp_june_5_secim_beyannamesi,2011,akp_june_5_secim_beyannamesi,145,"Özel sektörün etkin yönetim ve finansal imkânlarından azami ölçüde yararlanmak amacıyla Kamu-Özel İşbirliği yöntemleriyle, önemli alt yapı projeleri gerçekleştirdik. Kamu alt yapı yatırımlarında özel sektör katılımını da sağlayan uygulamalarımız artarak devam ettirilecektir. Kamu harcamalarında, kalkınma potansiyelini destekleyici mahiyette olan sosyal amaçlı alanlara ve alt yapı yatırımlarına öncelik veren bir politika izlenecektir.",0
tr_2011_ulusa_seslenis,2011,ulusa_seslenis,307,"KCK operasyonlarını, siyasetçilerin tutuklanması, ifade özgürlüğünün sınırlandırması olarak değerlendirenler, lütfen ortaya çıkan delillere, belgelere, fotoğraflara, ortaya çıkan gerçeklere bir kez daha baksınlar. Avukat kisvesi altında teröre lojistik destek sağlayanları lütfen görsünler. Cinayetlerin, provokasyonların, faşizm özleminin bu örgütlerin asıl hedefi olduğunu lütfen idrak etsinler.",1
tr_2007_akp_june_6_secim_beyannamesi,2007,akp_june_6_secim_beyannamesi,511,"Diğer taraftan bölgelerin kendi özelliklerine uyarlanmış devlet yardımları uygulaması ile, mekansal uzmanlaşma alanlarında rekabet gücü artırılacaktır. Mekansal Planlama Hiyerarşisi Uzun vadeli gelişme perspektifinden yoksun, dağınık ve yavaş işleyen mekansal planlama hizmetleri yeniden yapılandırılacaktır. Ulusal düzeydeki kalkınma planımızdan başlamak üzere, planlama hiyerarşisi ve ilgili kurumların sorumluluk ve işlevleri açık ve net bir şekilde tanımlanacaktır.",1
tr_2015_chp_secim_beyannamesi,2015,chp_secim_beyannamesi,241,"Kömür • Kömür işletmeciliğinde kamuyu etkin kılacak, sektörü Türkiye Kömür İşletmeleri (TKİ) eliyle yeniden yapılandırılacağız. • Önemli kömür alanlarının, havza madenciliği kavramı temelinde yeniden projelendirilerek yapılandırılmasını sağlayacağız. • TKİ'yi tüm siyasi etkilerden arındırarak özerkleştireceğiz.",0
tr_2006_ulusa_seslenis,2006,ulusa_seslenis,394,"İşte savaşın içine mi atıyoruz, ateşin içine mi atıyoruz, burada böyle bir şey söz konusu değil. Bakınız ben Dışişleri Bakanımı bölgeye gönderdim. Biz bunları Türkiye'den seyretmiyoruz, izlemiyoruz.",0
tr_2011_chp_secim_beyannamesi,2011,chp_secim_beyannamesi,263,"• Doğumda aileye katkı olarak yarım altın ve bebekler için bez ve mama yardımı sağlayacağız. HER ÇOCUĞA BEDAVA VE KALİTELİ SAĞLIK HİZMETİ • Anne adaylarına “gebelik rehberliği”, “ebeveynlik rehberliği”, sağlık, beslenme, annelik eğitimi ve sosyal ve kültürel gelişim için hizmetler • Anne ve çocuk sağlığında gelişme hedefimiz doğrultusunda kadın doğum sunacağız. ve çocuk hastalıkları hastanelerinin sayısını ve bu kurumlarda verilen hizmet kalitesini artıracağız.",1
tr_2007_akp_june_6_secim_beyannamesi,2007,akp_june_6_secim_beyannamesi,544,"• “Tek Adımda Hizmet” anlayışı başka alanlarda da uygulamaya konulacak, özellikle işletme ve tesis kurma çalışmaları için “Tek Durak Ofis”ler kurularak, hizmetlerin tek bir yerden ve daha çabuk yürütülmesi sağlanacaktır. • Başlatılmış olan “Trafik Tescil ve Sürücü Belgesi” işlemlerinin basitleştirilmesi ve çabuklaştırılması projesi tamamlanacaktır. Böylece araba veya ehliyet almak isteyenler arabasını satın aldıktan hemen sonra trafiğe çıkabilecek, ruhsat sürücüye kısa süre sonra, evinde teslim edilebilecektir.",1
tr_2011_akp_june_5_secim_beyannamesi,2011,akp_june_5_secim_beyannamesi,85,"Ak Parti'nin ekonomi politikalarının temel amacı insanımızın refah ve mutluluğunu artırmaktır. Partimiz ekonomik gelişmenin kaynağı ve hedefi olarak insanı esas alır. Günümüzün rekabetçi dünyasında insana, insanın niteliklerine, sağlıklı bir sosyal ortama yapılan yatırımların, aynı zamanda ekonomik potansiyelimize yapılan bir yatırım olduğunu bilerek, ekonomik politikalarımızı güçlü sosyal politikalar ile bütünleştirdik ve bir sosyal restorasyon dönemi başlattık.",1
tr_2015_akp_oct_6_secim_beyannamesi,2015,akp_oct_6_secim_beyannamesi,1335,"KKTC'ye ayrıca, deniz altından kabloyla elektrik götürülmesi projesi hayata geçirileceğiz. Soydaş ve akraba topluluk bağlamında halen, Osmanlı Arşivlerinde Filistin Belgeleri Projesi, Kırım Çalışmaları, Somali Diaspora Çalışmaları, Türk Konseyi Diaspora İşbirliği Programı, Suriyelilere Yönelik TÖMER Eğitimi ve Ahıska Türkleri Çalışmaları sürmektedir. b.",1
tr_2009_ulusa_seslenis,2009,ulusa_seslenis,381,"Bildiğiniz gibi hükümet olarak bu amaçla bir demokratik açılım adımı attık. Geçtiğimiz günlerde de bu konuyu Meclis Genel Kurulu'na getirerek hem sayın milletvekillerimize, hem de oradan yapılan canlı yayınlarla siz değerli vatandaşlarımıza bu konuyla ilgili detaylı bilgileri sunma imkanı bulduk. Bu açılımla Türkiye'yi ağırlıklarından kurtaracak, yolunu açacak iki temel hedefe ulaşmayı umut ediyoruz.",0
tr_2005_ulusa_seslenis,2005,ulusa_seslenis,89,Özel firmalar yurtiçi ve yurtdışı kaynaklardan yoğun bir şekilde yararlanarak yatırım harcamalarını hızlandırmışlardır. Hükümetimiz döneminde ihracat artmış ve iç talep canlanmıştır. Yaklaşık yüzde 10 oranında gerçekleşen ekonomik büyümenin temelinde yatan sebepler bunlardır.,0
tr_2011_akp_june_5_secim_beyannamesi,2011,akp_june_5_secim_beyannamesi,720,"Yoksullukla mücadelede önemli bir model olan SODES, önümüzdeki dönemde GAP ve DAP illerinin yanı sıra sosyo- 190 2011 YOLUNDA AK PARTİ SEÇİM BEYANNEMELERİ ekonomik gelişmişlik düzeyi düşük olan diğer illere de yaygınlaştırılacaktır. Sosyal destek sisteminin etkin ve verimli bir biçimde yürütülebilmesi amacıyla TÜBİTAK-SYDGM iş birliğinde Bütünleşik Sosyal Yardım Hizmetleri Projesi ile Puanlama Formülü Projesi kısa bir sürede sonuçlandırılacaktır. Bu projenin tamamlanmasıyla birlikte, sosyal destek başvurusu yapan vatandaşlarımızın muhtaçlık durumlarının ve kişisel verilerinin merkezi veri tabanlarından tespit edilmesi, bütün sosyal destek ve hizmetlere ilişkin iş ve işlemlerin norm ve standart birliği içerisinde yönetilmesi sağlanacaktır.",1
tr_2015_akp_oct_6_secim_beyannamesi,2015,akp_oct_6_secim_beyannamesi,1315,"Böylece ülkemiz, IMF programları uygulayan bir ülke olma konumundan, IMF'de karar alıcı bir ülke konumuna yükselmiştir. Benzer şekilde, Dünya Bankası nezdindeki temsil ve katılımının iyileştirilmesi amacıyla, 2008 yılında başlatılan reform çalışmaları kapsamında yapılan sermaye artırımı sonucunda, ülkemizin oy gücü yüzde 0,53'ten yüzde 1,08'e yükselmiştir. 341 b.",1
tr_2011_chp_secim_beyannamesi,2011,chp_secim_beyannamesi,150,"• Tüketici hakları kuruluşlarını destekleyeceğiz. Tüketicinin bu kuruluşlar • Örgütlü ve rekabet gücü yüksek bir tarımsal yapıyı oluşturacak, tarım aracılığıyla daha etkin duruma gelmesini sağlayacağız. piyasalarında istikrarı sağlayacağız.",1
tr_2010_ulusa_seslenis,2010,ulusa_seslenis,262,"Savunma sanayimizin bu büyük atılımı ülkemizin yarınları açısından hayati derecede önemli bir kazanımdır, inşallah devamı da gelecek. Değerli vatandaşlarım... Bu ay ülkemizin geleceği açısından her biri umut vesilesi olan başka açılışlar da gerçekleştirdik.",1
tr_2010_ulusa_seslenis,2010,ulusa_seslenis,37,"Değerli vatandaşlarım... Önümüzdeki dönemde ülkemizin neresinde bir ihtiyaç varsa gecikmeden o ihtiyacı karşılamak konusunda da kararlılığımızı sürdürüyoruz. Yurdumuzun hiçbir köşesinin devletimiz için uzak olmadığını, olmayacağını bir kere daha ifade Recep Tayyip ERDOĞAN 66 etmek istiyorum, bizim hizmet anlaşımız budur.",1
tr_2011_chp_secim_beyannamesi,2011,chp_secim_beyannamesi,172,"markalaştırarak sektörün dış rekabet gücünü yükselteceğiz. • Turizm amaçlı yat ve gemi üretim sektörünü desteklemek için teşvik • Turizmde çevre duyarlılığını, doğal ve kültürel değerlerimizin korunmasını, projeleri geliştireceğiz. kaynakların en etkin kullanımını ön plana çıkaracağız.",1
tr_2015_chp_secim_beyannamesi,2015,chp_secim_beyannamesi,315,"• Yüksek Katma Değer Üreten Sektörlerle İş Birliği • Yüksek vasıflı ve yüksek ücretli emek istihdam eden, yüksek teknolojiyi yoğun olarak kullanan üretim sektörlerini destekleyeceğiz. • İmalat sanayinde faaliyet gösteren şirketleri, sosyal diyalog yoluyla mevcut meslek içi eğitim programlarıyla bütünleştirecek ve kurumsal • kapasitelerini artıracağız. • OSB'lerde yatılı mesleki eğitim birimleri oluşturacak, OSB'leri mesleki eğitim kampüsleri haline getireceğiz.",1
tr_2009_ulusa_seslenis,2009,ulusa_seslenis,66,"Türkiye, bugüne kadar olduğu gibi, bundan sonra da, Azerbaycan'la kaderini, mecraını, istikametini bir görmeye devam edecektir. Başta Karabağ sorunu olmak üzere Kafkasya'da huzur ve istikrarı tesis edecek her çabanın destekçisi olmaya bundan sonra da devam edeceğiz. Ama bunu yaparken, Azerbaycan'ın menfaatlerini de en az kendi menfaatlerimiz kadar büyük bir hassasiyetle koruyacağımızdan kimsenin şüphesi olmamalıdır.",1
tr_2011_akp_june_5_secim_beyannamesi,2011,akp_june_5_secim_beyannamesi,233,"yılında en büyük 10 ekonomi arasına girmek için daha büyük bir kararlılıkla çalışacağız. Güçlü Türkiye, teknolojiye egemen olan Türkiye'dir. Geliştirdiğimiz bilim ve teknoloji politikaları, orta ve uzun vadede ekonomimize büyük bir ivme kazandıracaktır.",0
tr_2015_akp_oct_6_secim_beyannamesi,2015,akp_oct_6_secim_beyannamesi,640,"2015 yılı Nisan ayı itibarı ile 5,3 milyon katılımcı, devlet katkısı dahil 40,3 milyar TL'lik fon büyüklüğüne ulaştık. 168 İstanbul Tahkim Merkezini kurduk. Takasbank-MKK sistemi ile entegre bir şekilde, tam otomasyona dayalı olarak gerçekleştirilen Türkiye Elektronik Fon Dağıtım Platformunu (TEFAS) faaliyete geçirdik.",0
tr_2002_akp_june_6_secim_beyannamesi,2002,akp_june_6_secim_beyannamesi,192,"Dünya'daki eğilimler ve özel sektörün tercihleri dikkate alınarak, Türkiye'nin rekabet üstünlüğüne sahip olduğu ve yüksek katma değerli sektörler belirlenecektir. Bu sektörler uluslararası normlar çerçevesinde desteklenecektir. • Bölgesel bağımlılıktan kurtulabilmek amacıyla yeni pazarlara yönelmek gerekmektedir.",1
tr_2002_akp_june_6_secim_beyannamesi,2002,akp_june_6_secim_beyannamesi,304,"126 2002 YOLUNDA AK PARTİ SEÇİM BEYANNEMELERİ DIŞ POLİTİKA 129 2002 YOLUNDA AK PARTİ SEÇİM BEYANNEMELERİ DIŞ POLİTİKA IX. DIŞ POLİTİKA Türkiye'nin jeopolitik konumu, pek çok iş birliği projesi için bir çekim alanı oluşturabilecek potansiyele sahiptir. Bu potansiyelin bölgesel ve küresel bir etkiye dönüştürülebilmesi, uluslararası siyasi, ekonomik ve güvenlik ilişkilerinde jeopolitiğin akıllıca kullanılmasına bağlıdır.",1
tr_2015_akp_oct_6_secim_beyannamesi,2015,akp_oct_6_secim_beyannamesi,728,"• Türkiye'de yatırıma uygun arazi envanterinin yatırımcıya elektronik ortamda sunulması amacıyla coğrafi bilgi sistemleri altyapısını geliştireceğiz. • Endüstri Bölgeleri ve Organize Sanayi Bölgelerinde, özellikle yatırım yeri tahsisine ilişkin uygulama sürecinde karşılaşılan sorunları tespit edeceğiz ve bu sorunların çözümüne yönelik olarak mevzuatı geliştireceğiz. • Kamunun iş dünyasına elektronik ortamda sunduğu hizmetlerin birbirleri ile entegrasyonunu sağlayacak ve elektronik ortamda daha fazla hizmet sunacağız.",1
tr_2006_ulusa_seslenis,2006,ulusa_seslenis,214,"İlk defa kamu net borç stokumuz nominal bazda 2005'te bir önceki yıla göre geriledi. 50 küsur yıl boyunca 1 milyar dolar seviyesini aşamayan doğrudan uluslararası yatırım, 2005 sonu itibariyle 9.7 milyar dolara çıktı. Bu yıl çok daha yüksek bir seviye bekliyoruz.",1
tr_2006_ulusa_seslenis,2006,ulusa_seslenis,87,"Ne insanlarımızın onuruna, ne ülkemizin ihtiyaçlarına, ne gelecek hedeflerimize halel getirmeyeceğiz. Bu ülkenin çocuklarının Türkiye'den umutlarını kesmelerine yol açacak felaketlere bir daha asla meydan vermeyeceğiz. Hepimiz canla başla bu ülke için, bu ülkenin geleceği için çaba göstereceğiz.",0
tr_2007_akp_june_6_secim_beyannamesi,2007,akp_june_6_secim_beyannamesi,635,"Elektronik haberleşme hizmetlerindeki yüksek vergi yükünü bütçe imkanları dahilinde tedricen makul seviyelere çekeceğiz. Evrensel Hizmet Fonu yoluyla Kamu İnternet Erişim Merkezleri, Sayısal Beldeler, Uzaktan Eğitim ve Uzaktan Sağlık Hizmetleri gibi projeler aracılığıyla dar gelirli vatandaşların bilgi ve iletişim teknolojilerinden faydalanması sağlanacaktır. Hindistan, İrlanda ve Çin'e yönelmiş uluslararası sermaye ve yenilikçilik merkezlerini Türkiye'ye çekebilmek için yazılım, donanım ve iletişim alanındaki şirketlerin topluca bulunduğu Bilişim Vadileri ve Teknopark projeleri desteklenerek bilişim sektörünün gelişmesi sağlanacaktır.",1
tr_2011_chp_secim_beyannamesi,2011,chp_secim_beyannamesi,47,"uygulamalarından kaynaklanan engelleri kaldıracağız. • Askeri yargının görev alanını daraltacağız. • TRT'yi siyasal iktidarlardan bağımsız, idari ve mali açıdan özerk bir kurum haline getireceğiz.",0
tr_2006_ulusa_seslenis,2006,ulusa_seslenis,375,"Bizler de, demokratik, laik, sosyal bir hukuk devleti olan Cumhuriyetimizi ilelebet yaşatacak, Türkiye'yi muasır medeniyetler seviyesinin ötesine taşıma hedefimizi mutlaka gerçekleştireceğiz. Ne mutlu ki, bugün bu hedefe her zamankinden daha yakınız. AB ile üyelik müzakerelerine başlayan Türkiye'miz, bugün artık milletler camiasının sözüne itibar edilen, dostluğu arzulanan en saygın üyelerinden biri haline gelmiştir.",1
tr_2007_ulusa_seslenis,2007,ulusa_seslenis,190,"KÖYDES projesi kapsamında planlanan 29 bin 301 projenin yüzde 87'sini tamamlamış durumdayız. Aynı proje kapsamında suyu olmayan 2 bin 245 köy ve mahalleye şebekeli içme suyu tesisi yapılmıştır. 9 bin 461 köy ve mahallenin mevcut içme suyu tesisi hem yenilenmiş, hem geliştirilmiştir.",0
tr_2015_akp_oct_6_secim_beyannamesi,2015,akp_oct_6_secim_beyannamesi,288,"Müfredatın eğitimin her kademesinde bilgi yüklemekten ziyade öğrenciyi hayata hazırlayan, öğrenmeyi öğreten, istidatlarını ortaya çıkaran, temel becerileri veren, özgüveni pekiştiren, evrensel değerleri aktaran bir içeriğe sahip hale getirilmesi yönündeki çalışmalarımıza devam edeceğiz. Müfredatı bilgi teknolojileri destekli öğretime uygun hale getirerek eğitsel e-içeriklerin genişletilmesi ve daha da geliştirilmesini sağlayacağız. Her alanda dijital içerikle zenginleştirilmiş etkileşimli bir eğitim-öğretim sistemini yaygınlaştıracağız.",0
tr_2002_akp_june_6_secim_beyannamesi,2002,akp_june_6_secim_beyannamesi,158,"Fon bünyesindeki gayri menkul ve iştirakler süratle satılacaktır. • Sorunlu hale gelen kredilerin ve diğer aktiflerin çözümünü sağlayacak yeni finansal piyasalar, araçlar ve kurumların oluşumu desteklenecektir. • KOBİ'lerin finansal sektöre olan borçları yeniden yapılandırılacaktır.",0
tr_2004_ulusa_seslenis,2004,ulusa_seslenis,9,"Şunu açıkça ifade ediyorum: Çözümsüzlükleri çözüm kabul ederek, pasif bekle-gör politikaları izleyerek, paranoyakça korkular üreterek, kendimizi dünyadan tecrit ederek hiçbir yere varmamız mümkün değildir. Eğer Türkiye bugün, milli meselelerini, milli 345 Yeni Türkiye Vizyonu | Efendi Değil Hizmetkar Olmak-1 menfaatleri doğrultusunda çözüme kavuşturmak için aktif bir çaba içine girmezse, hızla değişen dış şartlar sebebiyle yarın çocuklarımız çok ağır bedeller ödemek zorunda kalabilir."" Başbakan Erdoğan, dünyadaki bütün önemli düşünürlerin, dünya tarihinin kritik bir dönemecine geldiğimizi söylediklerine işaret ederek, kendilerinin, tarihin bu kavşak noktasının önlerine çıkarttığı düğümleri çözmek için, Türkiye'yi, dünya sahnesinde, geçmişine yakışır bir etkinlik seviyesine çıkarma yolunda çalıştıklarını belirterek, vatanını ve milletini gerçekten seven herkesin, bu çabaya omuz vermek zorunda olduğunu söylüyordu. Erdoğan, ""Türkiye'yi güçlendirecek her katkıyı, her düşünceyi, her öneriyi iyi niyetle değerlendirdiğimizi ve bundan sonra da değerlendireceğimizi de samimiyetle ifade ediyoruz"" diyordu.",1
tr_2010_ulusa_seslenis,2010,ulusa_seslenis,389,"2011 yılında ise 9 milyar 800 milyon lira transfer yapmayı hedefliyoruz. Böylece toplam tarımsal transferlerimizi yüzde 17.7 oranında artırmış olacağız. 2002 yılında 83.6 milyon lira tutarında hayvancılık desteği ödemesi yapılmışken, biz 2010 yılında bu rakamı 1 milyar 158 milyon lira seviyesine kadar yükselttik.",0
tr_2011_akp_june_5_secim_beyannamesi,2011,akp_june_5_secim_beyannamesi,138,"Vergi politikalarının uygulanmasında doğrudan küresel sermaye yatırımlarının ülkeye girişinin hızlandırılmasına, yatırımların ve Ar-Ge faaliyetlerinin desteklenmesine, istihdamın artırılmasına ve bölgeler arası gelişmişlik farklılıklarının azaltılmasına yönelik bir yaklaşımla devam edilecektir. Vergi mevzuatı sadeleştirilecek, mali yükümlülüklerin zamanında ödenmesini sağlamak amacıyla etkin bir tahsilat sistemi oluşturulacaktır. Vergiye gönüllü uyumun artırılması ve vergi tabanının genişletilmesine yönelik çalışmalar sürdürülecektir.",1
tr_2015_chp_secim_beyannamesi,2015,chp_secim_beyannamesi,131,"Adil düzenlemeler sayesinde piyasa mekanizması daha verimli ve dengeli bir işleyişe kavuşacaktır. CHP'nin ekonomi programı, iş yapma iklimindeki olumlu değişikliklerin yaratacağı fiziksel sermaye yatırımlarını, mali sermayedeki artış ve insan kaynaklarının zenginleştirilmesi ile destekleyecektir. Bu sayede sanayimiz, küresel değer zincirinde hapsolduğu orta düzey aşamalardan kurtarılacaktır.",0
tr_2007_akp_june_6_secim_beyannamesi,2007,akp_june_6_secim_beyannamesi,656,"Yine bu dönemde genel bütçeden kamu kaynağı kullanmadan, kamu özel kesim iş birliği ile önemli merkezlere havaalanları yapılarak hizmete açılmıştır. Esenboğa dış ve iç hatlar terminali ile müştemilatı iki yıldan kısa bir sürede yapılarak başkentimize kazandırılmıştır. Benzer şekilde İzmir Adnan Menderes, Muğla-Dalaman ve Antalya Hava Limanı yolu pist ve terminali bu dönemde yapımı gerçekleştirilen önemli projelerden bazıları olarak zikredilebilir.",1
tr_2007_akp_june_6_secim_beyannamesi,2007,akp_june_6_secim_beyannamesi,420,"Kurumsal mekanizmaları ve finansmanı sağlanarak, gerçekçi bir içerikle uygulanacak olan istihdam programımız, çalışkan ve üretken halkımızın dinamizmini harekete geçirecektir. İstihdam programımız bir bütünün parçaları olarak uygulanacak olan üç ana bileşenden oluşacaktır: İşgücü Üzerindeki Yüklerin Azaltılması ve Piyasanın Esnek Bir Yapıya Kavuşturulması, Aktif İşgücü Programı ve Mesleki Eğitim-İşgücü Piyasası İlişkisinin Güçlendirilmesi. İşgücü Üzerindeki Yüklerin Azaltılması Ak Parti iktidarı döneminde, geçmişten kalan ağır borç yükü ve büyük açıklar veren bütçe gibi sorunlar yapısal tedbirlerle çözülürken, bir yandan da, istihdama verdiğimiz önceliğin bir gereği olarak, istihdam üzerindeki yükler imkanlar zorlanarak azaltılmıştır.",1
tr_2015_chp_secim_beyannamesi,2015,chp_secim_beyannamesi,188,• UMEM kapsamında üniversite mezunu genç işsizlere bilişim eğitimi vererek istihdam yaratacağız. • Yazılım ihracatını engelleyen dolaylı vergileri kaldırarak bilişim sektörünün uluslararası rekabet gücünü artıracağız. KOBİ'LERDE BİLİŞİM DÖNÜŞÜMÜ • Bilgi ekonomisine dönük yapısal reformlardan KOBİ'lerin faydalanmasına öncelik vereceğiz.,1
tr_2007_akp_june_6_secim_beyannamesi,2007,akp_june_6_secim_beyannamesi,301,"Esneklik ve güvenceyi bir arada gerçekleştiren modelleri esas alarak, yeni istihdam biçimlerini yaygınlaştıracağız. Esnekliği artırırken, eş zamanlı olarak da bu kapsamda çalışanların sosyal güvenlik sorunlarını çözmeyi hedefliyoruz. Diğer yandan, haksız rekabet oluşturan ve işletmelerimizin uzun vadeli gelişiminde darboğaz meydana getiren kayıtdışılık ile etkili bir şekilde mücadeleyi sürdüreceğiz.",1
tr_2014_akp_june_5_secim_beyannamesi,2014,akp_june_5_secim_beyannamesi,8,"Geçmiş seçimlerde yaptığımız gibi, Seçim Beyannamemizde ortaya koyduğumuz hedefleri gerçekleştirmek için tam kadro çalışacak, inşallah, 5 yılın sonunda bu Beyanname ile kendi muhasebemizi de yapacağız. 11 yılda Hükümette, 20 yıldır yerel yönetimlerde yaptığımız çalışmalar, yapacaklarımızın teminatıdır. Milletimizin desteği ve hayır duasıyla, 30 Mart'ın ardından da, ülkemiz, milletimiz ve şehirlerimiz için hizmet üretmeyi sürdüreceğiz.",1
tr_2014_akp_june_5_secim_beyannamesi,2014,akp_june_5_secim_beyannamesi,37,Bizim hedefimiz yaşanabilir şehirler kadar güzel şehirler de meydana getirmektir. Öyle şehirlerimiz olmalı ki şairler ilham alsın. Öyle şehirlerimiz olmalı ki şarkılara konu olsun.,0
tr_2011_akp_june_5_secim_beyannamesi,2011,akp_june_5_secim_beyannamesi,381,"Aynı yaklaşım önümüzdeki yıllarda daha güçlü bir şekilde sürdürülecektir. Bölünmüş Yollar Hayat Kurtarıyor. Yolları böldük, hayatları birleştirdik.",0
tr_2011_chp_secim_beyannamesi,2011,chp_secim_beyannamesi,93,"• Cari işlemler açığını Gayrı Safi Yurtiçi Hâsılanın % 2,5'ine düşüreceğiz. Yenilikçi, rekabetçi ve istihdamla büyüyen ekonomi • Gelişmişlik düzeyi bakımından en geride olan Doğu ve Güneydoğu Anadolu'da büyüme hızının yılda ortalama % 9,5'i yakalamasını ÜRETEN, REKABETÇİ VE EKONOMİYİ DESTEKLEYEN DEVLET ANLAYIŞI sağlayacağız. • Dünyada da kabul gören yeni eğilimler ışığında, devletin istihdam ve • Günümüzde Türkiye ortalamasının ancak % 56'sı düzeyinde olan Doğu rekabet alanında destekleyici ve kolaylaştırıcı olmasını sağlayacağız.",1
tr_2012_ulusa_seslenis,2012,ulusa_seslenis,87,"İlişkilerimizin her veçhesinin en üst düzeyde ele alınmasına imkân sağlayacak olan, Yüksek Düzeyli Stratejik İşbirliği Konseyi'nin kurulmasına ilişkin Ortak Açıklama'yı imzaladık. Ayrıca, iki ülkenin karşılıklı çıkarları, öncelik ve beklentileri çerçevesinde bir yol haritası işlevi görecek bir diğer önemli belge olan, Yeni Sinerji Ortak Ekonomi Programı'nı imzaladık. Ziyaretim vesilesiyle, 5'inci Astana Ekonomik Forumu'nun açılışına da katılarak bir konuşma yaptım.",1
tr_2002_akp_june_6_secim_beyannamesi,2002,akp_june_6_secim_beyannamesi,23,"İLKELİ SİYASET Devlet halinde yaşamanın zorunlu gereği olarak siyaset, toplumun genel ihtiyaçlarını görüşerek, tartışarak ve uzlaşarak karşılamanın evrensel yoludur. Toplumu aktif olarak devreye sokan demokratik siyaset ise, uzun vadeli düşünmeyi, kamunun çıkarlarını kişisel çıkarlar üzerinde tutmayı gerektiren erdemli bir uğraştır. Ülkemizde, bazı siyasetçilerin kısa hedefli çıkarlara yönelik tutumları yüzünden, halkın siyaset kurumuna ve politikacılara güveni sarsılmıştır.",1
tr_2015_akp_oct_6_secim_beyannamesi,2015,akp_oct_6_secim_beyannamesi,990,"Aynı dönemde imalat sanayii ihracatını 33,7 milyar dolardan 141,4 milyar dolara çıkardık. İhracatta ülke çeşitlenmesini artırdık. İmalat sanayii ihracatında AB ülkelerinin payı azalırken; Orta Doğu, Afrika, BDT ve diğer Asya ülkelerinin payları artmıştır.",0
tr_2015_akp_oct_6_secim_beyannamesi,2015,akp_oct_6_secim_beyannamesi,681,"İstihdamı artırmak ve kayıtlı istihdamı teşvik etmek amacıyla 5 puan prim indirimi, genç ve kadın istihdamının teşviki, engelli istihdamının teşviki gibi düzenlemeleri hayata geçirdik. Gelir idaremizin teknolojik altyapısının güçlendirilmesi amacıyla uygulamaya konulan VEDOP projesinin sonucunda vergi dairelerinde otomasyona geçtik. Gelir idaremiz bünyesinde vergilendirmeyle ilgili kamu veya özel sektörden toplanan bilgilerin depolandığı bir veri ambarı (VERİA) oluşturduk.",0
tr_2014_akp_june_5_secim_beyannamesi,2014,akp_june_5_secim_beyannamesi,419,"Vatandaşlarımızın belediyeye karşı yükümlülüklerinde (vergi, harç, harcamalara katılma payları, ücret ve ilan-reklam vb.) ülke genelindeki bölgelemelere ilave olarak belde içerisinde de alt ve üst limitler tespiti yoluyla daha adil bir düzenleme yoluna gidilecektir. Böylece şehrin kendi içerisinde bölgeleme yapılması sağlanacaktır. KENTSEL DÖNÜŞÜM Hızlı ve çarpık kentleşmeden kaynaklanan sorunların çözümünde sadece güvenli konut üretiminin yetersiz kalacağı ortadadır.",1
tr_2015_akp_oct_6_secim_beyannamesi,2015,akp_oct_6_secim_beyannamesi,518,"İş sağlığı ve güvenliğini sağlamaya yönelik önemli düzenlemeler yaptık. 2014 yılında kamu işyerlerinde çalışan alt işveren işçilerine; taraf olunan toplu iş sözleşmesinden yararlanma, kıdem tazminatını doğrudan ilgili kamu kurumundan alma imkânı sağladık. Tüm alt işveren işçilerinin ücretlerinin ödenmesini ve yıllık ücretli izinlerini kullanmalarını garanti altına aldık.",1
tr_2015_akp_oct_6_secim_beyannamesi,2015,akp_oct_6_secim_beyannamesi,542,• Yeni özel düzenlemeler yaparak Soma faciasında hayatını kaybeden madencilerimizin hak sahiplerine ölüm aylığı bağladık. • Yurtdışında bulunan vatandaşlarımıza isteğe bağlı sigortalı olma imkânı getirdik. 141 • İzinle vatandaşlıktan çıkanlara (mavi kartlılara) borçlanma hakkı verdik.,0
tr_2011_chp_secim_beyannamesi,2011,chp_secim_beyannamesi,97,"Ziraat Bankası ve Türkiye Halk Bankası'nı özelleştirmeyecek, bu eğitim ve beceri kazandırma sorunlarının çözümünde devletin aktif görev bankaların çiftçi ve esnafa desteklerini, bankacılığın genel kurallarına üstlenmesini sağlayacağız. uyarak sürdüreceğiz. • Dışa açık ama dış dalgalanmalara karşı dayanıklı, iş gücünü seferber eden, üretimi ve yurt içi tasarruf düzeyini artıran yeni bir büyüme İSTİHDAM SEFERBERLİĞİ stratejisine geçeceğiz.",1
tr_2015_chp_secim_beyannamesi,2015,chp_secim_beyannamesi,255,"Demokrasinin temeli özgür insandır. Siyasi özgürlükleri teminat altına almak, bireyin özgürleşmesi için gereklidir; fakat yeterli değildir. Özgür olmak için yurttaşlar ekonomik bakımdan bağımsız olmalı, gelirden adil pay almalı, toplumsal yaşamın hiçbir alanında ayrımcılıkla karşılaşmamalıdır.",1
tr_2005_ulusa_seslenis,2005,ulusa_seslenis,85,"Hükümet olarak göreve geldiğimiz ilk gün sizlere söylediğimiz üzere, bu alanlarda başarı sağlanması popülist olmayan sağlam politikaların sabırla, dikkatle kararlılıkla uygulanmasına bağlıdır. Yaşadığımız krizlerin bir daha tekrarlanmaması için köklü tedbirler alıyor, Türkiye'nin bahtını ağartacak yapısal değişimi her alanda adım adım uygulamaya koyuyoruz. Daha etkin ve katılımcı bir kamu yönetimi oluşturmak, yerel yönetimleri güçlendirmek, özelleştirmeyi hızlandırmak, eğitim, sosyal güvenlik ve sağlık alanında dönüşüm sağlamak suretiyle Türkiye'ye geleceğini kazandırmak için gayret gösteriyoruz.",0
tr_2015_akp_oct_6_secim_beyannamesi,2015,akp_oct_6_secim_beyannamesi,343,"2.3. Aile, Çocuk ve Dinamik Nüfus AK Parti olarak, aile kurumunu güçlendirmeyi, çocuklarımızın sayısını artırarak nitelikli bir biçimde yetişmelerini sağlamayı insan merkezli kalkınma politikalarımızın ana ekseni olarak kabul ediyoruz. 95 Biz, sahip olduğumuz güçlü aile yapımızı diğer toplumlara göre önemli bir fark ve avantaj olarak görüyoruz.",1
tr_2011_akp_june_5_secim_beyannamesi,2011,akp_june_5_secim_beyannamesi,371,"2010 yılında 1.400.00 ton olan bor kimyasalları ve eşdeğeri ürün üretimi 2023 yılında 5,5 milyon tona çıkarılacaktır. Bor ihracatı tutarımız 2011 yılında 800 milyon dolara, 2023 yılında ise 2,5 milyar dolara çıkarılacaktır. Bor işletmesinden elde edilen gelirlerle 2023 yılına kadar Hazineye toplam 10 milyar doların üzerinde gelir sağlanacaktır.",0
tr_2011_akp_june_5_secim_beyannamesi,2011,akp_june_5_secim_beyannamesi,985,Böylece vatandaşlarımız hiçbir engelle karşılaşmadan ve sadece pasaportunu ellerine alarak 30'u aşkın ülkeye uçabilmektedir. Yeni dönemde karşılıklı vize muafiyetinin yaygınlaştırılması için çalışmalarımıza devam edeceğiz. Hedefimiz yakın ve uzak komşularımızın tamamıyla vizelerin kaldırılmasıdır.,1
tr_2015_akp_oct_6_secim_beyannamesi,2015,akp_oct_6_secim_beyannamesi,333,"Mili aşı projemiz ile kendi aşımızı üreteceğiz. Kamu-Özel Ortaklığı (KÖO) modeli ile inşa edeceğimiz Şehir hastanelerini yaygınlaştıracağız. Yurt genelinde oluşturulacak 29 sağlık bölgesinde toplam 56.000 yatak kapasiteli hastanelerimizi hizmete sokarak, daha gelişmiş bir hizmet altyapısı kuracağız.",0
tr_2011_akp_june_5_secim_beyannamesi,2011,akp_june_5_secim_beyannamesi,164,"Bu sayede Merkez Bankası rezervleri, 2002 yılındaki 27 milyar dolar iken, 3,5 kat artarak 2010 yılı sonunda 80,2 milyar dolara yükselmiştir. Önümüzdeki dönemde de; Üretim ve ihracatın ithalata olan yüksek oranlı bağımlılığını azaltmak amacıyla özellikle ara malları ve yatırım mallarında yurtiçi üretim kapasitesini artırıcı politikalara ve desteklere devam edilecektir. Dışa bağımlılığın yüksek olduğu stratejik sektörlerde yerli teknolojik yeteneklerin geliştirilmesi ve ürüne dönüştürülmesine yönelik programların işlerliği artırılacaktır.",0
tr_2005_ulusa_seslenis,2005,ulusa_seslenis,201,"Türkiye, özgür dünyanın, barış ve demokrasinin bayraktarlığını yapmaya, dünyanın her köşesinden ülke ve halklarla sıcak ilişkiler geliştirmeye aynı kararlılıkla devam edecektir. Son Moğolistan gezimizde bir kere daha müşahede ettiğimiz gibi, uzatılan el karşılıksız kalmayacaktır.' Ulusa Sesleniş | Ankara | 31 Ağustos 2005, S.65 Erdoğan, televizyon kanallarında yayınlanan ""Ulusa Sesleniş"" konuşmasında, hareketli ve bereketli geçen bir yaz döneminin artık sonlarına yaklaşıldığını, Türkiye'nin, son 33 ayı büyük bir değişim hareketini, adeta bir ""Sessiz Devrim""i adım adım gerçeğe dönüştürerek geçirdiğini kaydetti. Bu ""Sessiz Devrimi"", başlattıkları büyük değişim sürecinin sonuçlarını genel bir bakışla değerlendiren Erdoğan, bugünün 30 Ağustos Zafer Bayramı'nın da kutlandığı anlamlı bir gün olduğunu vurguladı.",1
tr_2011_akp_june_5_secim_beyannamesi,2011,akp_june_5_secim_beyannamesi,385,"Böylece sektörü kurumsal bir yapıya kavuşturarak, sektörde arz-talep dengesi sağlanması ve sektörün sağlıklı gelişimi için gerekli zemini oluşturduk. Kağıt Üstünde Araç Muayenesine Son. Karayolunda seyreden motorlu araçların teknik muayenelerini daha etkin ve sağlıklı bir şekilde yapacak gerçek ve tüzel kişilere ait 264 istasyon hizmete açılmıştır.",0
tr_2015_chp_secim_beyannamesi,2015,chp_secim_beyannamesi,807,"• Girişimcilerimizin Çin'deki yatırımlarının çeşitlenmesi ve artmasını teşvik edeceğiz. • Bilim, akademi ve teknoloji alanlarında Çin ile iş birliğini en üst düzeye çıkaracağız. • Genç kuşakların Çin dillerini ve kültürünü öğrenme olanaklarını yaygınlaştıracağız.",0
tr_2011_ulusa_seslenis,2011,ulusa_seslenis,201,"Aldığımız ve alacağımız tedbirlerle, işgücü piyasası reformlarıyla bunu daha da düşük seviyelere indireceğiz. Değerli vatandaşlarım... 2010 sonu itibariyle Avrupa Birliği üyesi ülkelerle karşılaştırıldığında, kamu dengesi en iyi durumda olan 4 ülkeden biriyiz.",1
tr_2006_ulusa_seslenis,2006,ulusa_seslenis,160,"Ben milletime buradan sesleniyorum: Buna hayır demek milletle beraber olmak mıdır, yoksa millete karşı olmak mıdır? Ne yazık ki ana muhalefet partisi bu yasanın çıkmasını bir yıl boyunca geciktirmiştir. Tüm sosyal tarafların katkı ve katılımlarıyla hazırlanmasına rağmen bir yıl boyunca tasarıyı meclis komisyonunda bloke etmiştir.",1
tr_2012_ulusa_seslenis,2012,ulusa_seslenis,168,"Sınırın her iki tarafından akrabalar, dostlar, kardeşler bulunuyor. Suriye'de bir halka topluca zulmedilirken, biz susabilir miyiz? Suriye'de her gün şehirler bombalanırken, biz tepkisiz kalabilir miyiz?",1
tr_2011_ulusa_seslenis,2011,ulusa_seslenis,113,"Bu yolda inisiyatif kullanmaktan da asla geri durmayacağız. Menfaatleri öyle gerektirdiği için bölgesel çatışmaları körükleyen, dünya kaynaklarını sömüren, insan hayatını hiçe sayan bütün küresel stratejilerin de kararlılıkla karşısında duracağız. Somali'de yaşananlar bugünün dünyasına şekil verenlerin geçmişte yanlış hesaplar içinde olduğunu açıkça gösteriyor.",1
tr_2011_ulusa_seslenis,2011,ulusa_seslenis,70,"Şu an itibariyle toplam bölünmüş yol uzunluğumuz 20 bin kilometreye şu anda ulaşmış durumda, inşallah 2015 yılında da 26 bin kilometreye ulaşmış olacak. Kullananlarınız mutlaka vardır, Ankara-İstanbul hızlı tren hattının Ankara-Eskişehir arasını daha önce bildiğiniz gibi hizmete açmıştık. Aynı şevk ve heyecanla çalışarak önümüzdeki dönemde de Eskişehir-İstanbul arasını ve İstanbul Boğaz demir yolu tüp geçişini tamamlayacağız.",1
tr_2011_akp_june_5_secim_beyannamesi,2011,akp_june_5_secim_beyannamesi,471,"Tüm okullar, öğretmenler ve öğrenciler arasında kesintisiz bir elektronik iletişim sağlanacaktır. Birkaç yıl içinde 81 ilde okulöncesi eğitim zorunlu eğitim kapsamına alınacaktır. Ortaöğretim okullaşma oranında örgün eğitimde % 85'e ulaşılacaktır.",0
tr_2007_ulusa_seslenis,2007,ulusa_seslenis,237,"İşte biz bunu başarıyoruz. AB üyeliği, taşıdığı anlam bakımından Cumhuriyetimizin kuruluş ideali olan çağdaşlaşma hedefinin bir tezahürüdür. Bu süreçte rehberimiz, ortak akıldır, milletimizin değişim iradesidir, ülkemizin yüksek menfaatleridir.",0
tr_2007_akp_june_6_secim_beyannamesi,2007,akp_june_6_secim_beyannamesi,394,"Esas olan suçluların yakalanması değil, suç işlenmesini önlemektir. Bu kapsamda, güçlü bir sosyal politika ile eş zamanlı olarak, önleyici kolluğa ağırlık verilecektir. 119 2007 YOLUNDA AK PARTİ SEÇİM BEYANNEMELERİ Genel kolluğun önleyici kolluk yetkileri, yapılacak yasal düzenlemelerle yeniden tanımlanacak, çalışma koşulları ve fazla mesaileri gerçekçi bir yaklaşımla ele alınacaktır.",0
tr_2014_akp_june_5_secim_beyannamesi,2014,akp_june_5_secim_beyannamesi,237,"Bilim merkezleri ile çocuklarımızın bilimin temellerini görerek, dokunarak, yaşayarak kavramalarını ve bilimi sevmelerini sağlıyoruz. İnsan odaklı belediyecilik anlayışımızın bir örneği olarak, Sayın Başbakanımızın İstanbul Büyükşehir Belediye başkanı olduğunda bir ilk olarak başlattığı beyaz masa uygulaması şu anda ulusal bir standart haline gelmiştir. Vatandaşlarımızın sorunlarını dinliyor, en kısa sürede çözüme ulaştırıyoruz.",1
tr_2010_ulusa_seslenis,2010,ulusa_seslenis,140,"Ulaşabildiğimiz her ülkeye ulaşıyoruz, serbest ticaret anlaşmaları imzalıyoruz. İşadamlarımızla, uzak yakın demeden, her yere gidiyoruz; ticaret imkanlarını çoğaltıyoruz. Komşularımızla aramızdaki sorunları, birer birer gideriyor; bu sorunların yerine ticareti koyuyoruz.",0
tr_2004_ulusa_seslenis,2004,ulusa_seslenis,244,'Bize popülist anlayışlarla yeni yeni talepler getirmeyin. Önce bitme seviyesi yüzde 100'lere ulaşmış olan rantabl yatırımları bitireceğiz. Ondan sonra sırasıyla diğerlerine geçeceğiz.' Yoksa yeni yeni yatırımlar önümüze getirmek suretiyle temeli 20 yıl önce atılmış halde duran ve çevrede yaşayan vatandaşlarımı sürekli umutsuzluğa iten bu eserleri bitiremeyiz.,0
tr_2011_chp_secim_beyannamesi,2011,chp_secim_beyannamesi,408,• Kamu yönetiminde rüşvet ve suistimal suçu işleyenlerin süratle yargılanıp cezalandırılmalarını sağlayacağız. • Özelleştirme ihalelerinin öncesindeki ve sonrasındaki uygulamaları birlikte değerlendiren bir yaklaşımla tüm özelleştirme işlemlerini şeffaflaştıracağız • Başta medya ve sivil toplum örgütleri olmak üzere sivil denetimi etkinleştireceğiz. DÜRÜST YEREL YÖNETİMLER • Yürütmenin tüm işlem ve eylemlerini yargı denetimine tâbi tutacağız.,1
tr_2015_akp_oct_6_secim_beyannamesi,2015,akp_oct_6_secim_beyannamesi,1115,"287 Eylem planında kentsel dönüşüm alanında önemli eylemlere yer verdik. 2012 yılında Kanunla Çevre ve Şehircilik Bakanlığının afet riskli alanlarda riskli yapıların tespiti ve bunların yenilenmesi konusunda görevlendirilmesini sağladık. 2014 sonu itibarıyla 40 ilde 152 farklı alanda yaklaşık 1,1 milyon kişinin yaşadığı 175 bin adet yapıyı içeren 7.162 hektar alanın riskli alan olarak ilan edilmesini sağladık.",0
tr_2011_akp_june_5_secim_beyannamesi,2011,akp_june_5_secim_beyannamesi,748,"maddesinde yapılan değişlikle kadınlarımıza, yaşlılarımıza, engellilerimize şehitlerimizin dul ve yetimlerine pozitif ayrımcılık düzenlenmesi yapılarak, bu kısımda yer alan vatandaşlarımızın ayrımcılığa maruz kalmamaları anayasal güvenceye alınmıştır. Bu anayasa değişikliğinden sonra, Sağlık Bakanlığı'na bağlı hastanelerde yaşlı, engelli ve kadınların hastane polikliniklerinde pozitif ayrımcılığa tabi tutulup tedavilerini ayrı polikliniklerde yapmaları için çalışma başlattık. 85 yaş ve üzerindeki yaşlı vatandaşlarımız artık maaşlarını PTT aracılığıyla evlerinde alıyorlar.",1
tr_2009_ulusa_seslenis,2009,ulusa_seslenis,282,"150'nin üzerinde ülkenin devlet ve hükümet başkanları seviyesinde temsil edildiği bu yılki Birleşmiş Milletler Genel Kurulu'nda uluslararası gündemle ilgili konularda ülkemizin görüşlerini açıklayan bir konuşma yapma imkanı buldum. Genel Kurul'dan önce de, ABD Başkanı Sayın Barack Obama başkanlığında düzenlenen nükleer silahsızlanma ve yayılmanın önlenmesi konulu Güvenlik Konseyi toplantısına katılarak bir konuşma yaptım. Bildiğiniz gibi, Türkiye, yürüttüğümüz diplomatik çabalar neticesinde, Birleşmiş Milletler Güvenlik Konseyi geçici üyeliğine seçilmişti.",1
tr_2006_ulusa_seslenis,2006,ulusa_seslenis,489,"Yeni Türkiye Vizyonu | Efendi Değil Hizmetkar Olmak-4 79 Bu sorunu da önemli ölçüde çözecek hazırlıklar içindeyiz. Bu çocuklarımızın kendi evlerinde, kendi yuvalarında kalabilmeleri için geçim güçlüğü çeken ailelerimize maddi destek sağlayacağız. Aynı şekilde kimsesi olmayan yavrularımızı evlat edinerek onlara sıcak bir yuva verecek vatandaşlarımız da bu maddi yardımdan faydalanacak.",1
tr_2015_akp_oct_6_secim_beyannamesi,2015,akp_oct_6_secim_beyannamesi,1333,"346 Yabancı öğrencilere verdiğimiz bursları, “Türkiye Bursları” başlığı altında birleştirilerek daha çok sayıda ülkeden öğrencinin ülkemize gelerek lisans, yüksek lisans ve doktora seviyesinde eğitim almalarını sağladık. Bugün 150 ülkeden 15 bin öğrenciye üniversitelerimizde burs sağlamaktayız. Türkiye burslarına 2014 yılında 152 ülkeden 82 bin başvuru alınmış olması, ülkemizin yüksek öğrenim alanında sadece bölgesinde değil, dünya genelinde bir cazibe merkezi haline gelmeye başladığını göstermektedir.",0
tr_2007_akp_june_6_secim_beyannamesi,2007,akp_june_6_secim_beyannamesi,251,"Çerçeve Programlarına katılmıştır. Üniversite araştırma fonlarına ayrılan tahsisat 2002'de 70 milyon YTL iken bu tutar 2007'de 370 milyon YTL'ye çıkarılmıştır. 85 2007 YOLUNDA AK PARTİ SEÇİM BEYANNEMELERİ Üniversitelerimizin sanayi ile iş birliği çerçevesinde, vergi muafiyeti ayrıcalıkları bulunan Teknopark sayısı 3 iken iktidarımız döneminde 23'e çıkarılmış ve sanayimizin yenilikçilik ve rekabet gücü artırılmıştır.",1
tr_2011_akp_june_5_secim_beyannamesi,2011,akp_june_5_secim_beyannamesi,934,"252 2011 YOLUNDA AK PARTİ SEÇİM BEYANNEMELERİ Ankara il sınırları termal sular açısından son derece zengindir. Haymana, Ayaş, Kazan, Çubuk ve Kızılcahamam'da yeni termal tesislerin kurulması desteklenecektir. Aynı zamanda Ankara'da üniversitelerin önderlik yaptığı Teknokentler sayesinde teknolojinin Türkiye'deki üssü olacaktır.",0
tr_2011_akp_june_5_secim_beyannamesi,2011,akp_june_5_secim_beyannamesi,166,"İstihdamı artırmada en önemli faktörlerden birinin yüksek bir büyüme hızı sağlamak olduğu bilinci ile hem büyüme hızımızı arttırdık, hem de büyümenin odağına istihdamı koyduk. Nitekim uyguladığımız başarılı politikalarımızın sonucunda kriz boyunca istihdamımız azalmadığı gibi, 2010 yılında 1 miyon 317 bin vatandaşımıza istihdam sağladık. İstihdamı artırmada diğer önemli bir araç olan aktif ve pasif işgücü politikalarını da başarı ile uygulamaya başladık.",0
tr_2003_ulusa_seslenis,2003,ulusa_seslenis,81,Kendinize güveniniz. Şunu hiç unutmayınız; bu devlet sizin devletinizdir. Bu hükümet sizin hükümetinizdir.,1
tr_2014_akp_june_5_secim_beyannamesi,2014,akp_june_5_secim_beyannamesi,297,"95 2014 YOLUNDA AK PARTİ SEÇİM BEYANNAMELERİ Şehir güvenliğine, temizliğine, estetiğine, yeşile, parklara daha fazla yoğunlaşacak; insanımız için daha fazla yatırım yapacağız. Özellikle her şehir planı ve her yerel icraatımız aileyi ve çocuğu esas alacak. Çünkü iyi ve güzel şehirde yaşayan çocuklar büyüdüklerinde iyi ve güzel işler ve şehirler inşa ederler.",1
tr_2011_ulusa_seslenis,2011,ulusa_seslenis,339,"Biz yola çıkarken “sıfır sorun” dedik… Komşularımızla, bölgemizle, tüm dünyayla, barış eksenli, çözüm eksenli politikalar geliştireceğiz dedik. Hamdolsun bunu da başardık. Çözümsüzlüğü direten ülkeler karşısında da çözümü isteyen, çözüm için çabalayan ülke biz olduk.",1
tr_2007_akp_june_6_secim_beyannamesi,2007,akp_june_6_secim_beyannamesi,103,"Bunun için; makro ekonomik istikrarın sürdürülmesi yanında, mal ve hizmet sektörlerinde verimlilik artışlarını getirecek olan, başta kayıt dışılığın önlenmesi olmak üzere, rekabetin sağlanması için 45 2007 YOLUNDA AK PARTİ SEÇİM BEYANNEMELERİ gerekli reformları ve yasal düzenlemeleri yapacak, tüketici haklarını en üst düzeyde koruyacağız. 2013 yılında; • Kişi başına geliri 10.000 doları (satın alma gücü paritesine göre 15.000 doları) geçmiş, • Milli Geliri 800 milyar dolara ulaşmış, • Enflasyonu “düşük tek haneye” indirmiş, • İşsizlik oranını daha da düşürmüş, • İhracatı 200 milyar doları aşmış, • Turizm geliri 40 milyar dolara yaklaşmış, daha güçlü ve müreffeh bir Türkiye hedefliyoruz. Nisan 2007'de açıkladığımız ve Türkiye'nin AB Müktesebatına uyumu için 2013 yılına kadar uygulayacağımız program çerçevesinde, ekonomik değişim ve dönüşüm için gerekli 200 kadar yasal düzenleme ve 600 kadar ikincil düzenlemeyi tamamlayacağız.",1
tr_2015_chp_secim_beyannamesi,2015,chp_secim_beyannamesi,368,"• Emeklilik için yeterli çalışma günü sayısına ulaştığı ve primlerini ödediği halde, yaşının dolmasını bekleyenlerin mağduriyetini gidereceğiz. EMEKLİLERE DAHA FAZLA SÖZ • Emekli sendikalarının önüne çıkarılan yasa dışı engelleri kaldıracağız. • Yerel düzeyde Emekli Meclislerinin kurulmasını destekleyeceğiz.",0
tr_2010_ulusa_seslenis,2010,ulusa_seslenis,265,"Her alanda bu dinamizmi, bu atılımı yaşıyoruz. Bakınız iki örnek daha vereyim... 10 Ekim'de Aydın'da yaptığımız toplu törenle, Çine Barajı'yla birlikte 9 büyük yatırımı daha hizmete açtık.",1
tr_2011_akp_june_5_secim_beyannamesi,2011,akp_june_5_secim_beyannamesi,634,"“İş bulamadım” şikayetinden çok, “iş kuramadım” diye arayış içinde olan bir anlayışı teşvik ediyoruz. Üniversiteler, özel sektör ve kamu kurumları arasında işbirliklerini teşvik ederek üniversite öğrencilerinin teori ile pratiği bir arada görüp uygulayabilecekleri ortamlar oluşturacağız. Gençlik sorunlarının yerinde tespitinde ve etkin çözümünde yerel yönetimlere (valilik ve belediyeler) daha fazla inisiyatif vereceğiz.",1
tr_2014_akp_june_5_secim_beyannamesi,2014,akp_june_5_secim_beyannamesi,352,"1992-2002 yılları arasında yılda ortalama 75.000 hektar alanda ağaçlandırma çalışması yapılırken, 2013 yılında bu rakamı yaklaşık 6,5 katına çıkartarak 500 bin hektar alanda ağaçlandırma çalışması yaptık. 2003 yılından bugüne kadar 11 yılda toplam 3 milyar adet fidanı toprakla buluşturduk. Son 11 yılda 3 milyon 691 bin hektar, yani yaklaşık 37 milyon dekar alanda ağaçlandırma ve rehabilitasyon çalışması yaptık.",0
tr_2006_ulusa_seslenis,2006,ulusa_seslenis,502,"Bu ay boyunca, dünyanın geleceğine dair her alanda çok temel projeksiyonların yapıldığı, rotaların çizildiği, stratejilerin belirlendiği çok sayıda önemli uluslararası toplantıya ev sahipliği yaptık. Bu buluşmaların en önemlilerinden biri İspanya ile birlikte yürüttüğümüz Medeniyetler İttifakı girişiminin İstanbul zirvesiydi. Başta BM Genel Sekreteri Kofi Annan olmak üzere pek çok önemli misafirimiz 13 Kasım'da, bu zirvede bir araya geldi.",1
tr_2014_akp_june_5_secim_beyannamesi,2014,akp_june_5_secim_beyannamesi,173,"Bu vizyonun gereği olarak, tarihi ve kültürel şehirlerin bütününün ve şehirlerin içinde bulunan tarihi bölgelerin tahrip edilmiş dokusu aslına uygun bir şekilde restore edilecektir. Söğüt, Dârende, Safranbolu, Mardin gibi tarihi şehirlerin ise bütün dokusu yeniden ihya edilecek, belediyelerin ve kamunun sağlayacağı alt yapı ve diğer hizmetlerin şehrin genel estetiğini bozmadan verilmesine dikkat edilecektir. Böylece şehirlerin “kimlik ve kişilik” kazanması sağlanacaktır.",1
tr_2012_ulusa_seslenis,2012,ulusa_seslenis,216,"Ülkelerimiz arasında düzenlenen Yüksek Düzeyli Stratejik İşbirliği Konseyi ile aramızdaki ortak kültür, dil ve tarih bağlarından güç alan işbirliğimiz, stratejik bir boyuta taşınmıştır. Azerbaycan; 21 yıl önce kurulduğu günden bu yana, sürekli bir gelişme ve büyüme içerisinde… Bizler de Türkiye olarak, bu süreçte Azerbaycan'a desteğimizi hiçbir zaman esirgemedik… Bugün, dost ve kardeş Azerbaycan'ı bir kez daha ziyaret edecek olmanın mutluluğunu yaşıyorum. Azerbaycan'a yapacağım bu ziyaret vesilesiyle, Azerbaycan Cumhurbaşkanı ve değerli dostum Sayın Aliyev ile de baş başa ve heyetler arası görüşmeler yapacağız; ilişkilerimizi ve kapsamlı işbirliğimizi, tüm boyutlarıyla ele alacağız.",0
tr_2011_akp_june_5_secim_beyannamesi,2011,akp_june_5_secim_beyannamesi,947,"Turizm alanında İzmir, yeni yatırımlar ile bu alandaki öncü konumunu güçlendirecek, yalnızca bölgesel değil, küresel bir cazibe merkezi haline gelecektir. Bu konuda: • Ege Medeniyetleri Müzesi Projesinin hayata geçirilmesi • Dünya standartlarında bir kruvaziyer limanının yapılması • Kongre Merkezinin yapılması • Yurtdışına direk uçuş sefer sayılarının artırılması • Yeni Fuar Alanı ve Kongre Merkezi projeleri ile İzmir, turizmin gözbebeği, Ege'nin incisi konumunu sağlamlaştıracaktır. Expo 2020'nin İzmir'de yapılması için gerekli girişimler başlatılacak ve destekler sağlanacaktır.",1
tr_2004_ulusa_seslenis,2004,ulusa_seslenis,319,"Henüz göremeyenlerin bu gerçeği görmesi için de, inanıyorum ki çok uzun zamanlar geçmesi gerekmeyecektir. Çünkü Türkiye istim üzerindedir. Çünkü Türkiye, 70 milyon insanıyla birlikte, tarihe yeni bir medeniyet sayfası eklemenin eşiğine geldiğinin farkındadır.",1
tr_2007_akp_june_6_secim_beyannamesi,2007,akp_june_6_secim_beyannamesi,526,"Ak Parti iktidarının yeni döneminde; Çağdaş dünyanın eğilimleri ve ülkemizin ihtiyaçları doğrultusunda merkezi idarenin rolü, temel ve asli görevleri ile sınırlandırılacak, planlama ve denetleme kapasitesi artırılacaktır. 166 2007 YOLUNDA AK PARTİ SEÇİM BEYANNEMELERİ Merkezi idarenin görevleri yerine getirilirken, aşağıdaki ilke ve esaslar göz önünde bulundurulacaktır: • Harcama odaklı değil, sonuç odaklı bir yönetim anlayışı kökleştirilecektir. • Merkezi idare ulusal düzeyde genel ilke ve politikaları, hedef ve standartları belirleyecek, uygun ölçek ve nitelikteki hizmetleri bizzat yürütecek, yerel hizmetlerin ise hukuka ve belirlenen standartlara uygun bir şekilde yerel yönetimler tarafından yürütülmesini denetleyecektir.",1
tr_2015_akp_oct_6_secim_beyannamesi,2015,akp_oct_6_secim_beyannamesi,873,"Demiryollarında yüksek hızlı ve hızlı tren hatlarımızı önemli ölçüde tamamlayacağız. Böylece, Türkiye'yi gelişmiş ülke standartlarında bir ulaştırma alt yapısına kavuşturacağız. Trafik yoğunluğunun yüksek olduğu kesimlerde trafik güvenliğinin artırılması ve taşıma sürelerinin kısaltılması amacıyla bölünmüş yol yapımına devam edeceğiz.",0
tr_2012_ulusa_seslenis,2012,ulusa_seslenis,127,"İtidali, soğukkanlılığı, sağduyuyu elden bırakmayacağız. Hukukun dışına asla çıkmayacağız. Savaş çığırtkanlarına kulak asmayacağız.",0
tr_2011_chp_secim_beyannamesi,2011,chp_secim_beyannamesi,455,"• Dünya'nın her gelişmiş kentinde, ortak kültürün yeşerdiği, kentlerin • Kalkınma Ajanslarının sorumluluk alanlarını ve kapsadıkları coğrafi karakterlerinin oluştuğu meydanlardan yoksun olan İstanbul'da, birimleri yeniden tanımlayarak daha işlevsel hale getireceğiz. İstanbulluların kamusal alanda var olabilecekleri alanlar yaratacağız. • İstanbul'un doğasını tehdit eden ve ulaşım sorununu çözümsüzlüğe DOĞU VE GÜNEYDOĞU ANADOLU BÖLGELERİNİN sürükleyecek 3.",1
tr_2011_akp_june_5_secim_beyannamesi,2011,akp_june_5_secim_beyannamesi,219,"2004 yılından itibaren Başbakanımızın başkanlığında düzenli olarak toplanan Bilim ve Teknoloji Yüksek Kurulu, Ar-Ge ve inovasyonda kabuğunu kıran özel girişime daha fazlası için umut ve güven veriyor. Refah ve huzur için ihtiyaç duyduğumuz sürdürülebilir sosyo-ekonomik büyüme ve rekabet üstünlüğü, ancak araştırma, geliştirme ve inovasyon faaliyetleri ile mümkündür. Bu ise desteklenecek üniversite-sanayi iş birliği üzerine inşa edilmiş bir “ulusal bilim ve teknoloji tabanı”nın toplumumuzda yaygınlaştırılması ile kalıcı olacaktır.",1
tr_2012_ulusa_seslenis,2012,ulusa_seslenis,33,"Bu 29 bin yeni kadronun 17 bini Milli Eğitim Bakanlığına tahsis edilmiş durumda… Recep Tayyip ERDOĞAN 242 Bu vesileyle, Şubat ve Ağustos aylarında öğretmen alımlarını gerçekleştireceğimizin müjdesini vermek istiyorum. Ancak, esas alımları Şubat ayından ziyade Ağustos ayında gerçekleştireceğiz… Bunun özellikle bilinmesini istiyorum… Bu vesileyle Şubat ayında atanamayan öğretmen adaylarımızın herhangi bir umutsuzluğa, herhangi bir ye'se kapılmamalarını bilhassa rica ediyorum. Sevgili vatandaşlarım… Eğitim altyapısında gerçekleştirdiğimiz ve gerçekleştireceğimiz bir dizi reformdan bahsetmişken, müfredatta yaptığımız çok önemli bir yenilikten, çok önemli bir adımdan daha söz etmek istiyorum.",0
tr_2011_ulusa_seslenis,2011,ulusa_seslenis,103,"Ulusa Sesleniş İstanbul | 28 Ağustos 2011 Recep Tayyip ERDOĞAN 138 Şükürler olsun ki milletimiz bu insanlık şuurunu en canlı haliyle yaşatıyor, Somali imtihanında da bunu en müşahhas şekilde gördük, yaşadık. 74 milyon insanımız Somali'deki kardeşlerimizin imdadına yetişmek için adeta seferber oldu. Buradan hayırsever milletimize, gönüllü kuruluşlarımıza, bu yardım faaliyetleri için geceli gündüzlü çalışan her insanımıza şükranlarımı sunuyorum.",1
tr_2008_ulusa_seslenis,2008,ulusa_seslenis,347,"Aynı şekilde bölücü terör örgütüyle çok yönlü, çok boyutlu mücadelemiz devam ederken, birlik ve bütünlüğümüzü güçlendirmek, demokrasimizi reformlarla daha da derinleştirmek durumundayız. Bu umut ve heyecanla yeni yılınızı kutluyor, 2009 yılının ülkemize, milletimize ve insanlığa barış, huzur ve bereket getirmesini Allah'tan temenni ediyorum. Sizleri tekrar en kalbi duygularımla selamlıyorum.",1
tr_2007_akp_june_6_secim_beyannamesi,2007,akp_june_6_secim_beyannamesi,745,"Türkiye: Bölgesel Güç, Küresel Aktör Bütün bu vizyon ve yöntem ilkeleri ile uluslararası alanda yeni bir Türkiye imajı oluşturmak amacındayız. Kültürel anlamda doğu ile batı, ekonomik-politik anlamda kuzey ile güney arasında merkez bir rol üstlenmek zorunda olduğumuza inanıyoruz. Ülkemizin küresel konumunu reaksiyoner ve edilgen bir köprü rolü ile değil, aksiyoner ve etken bir merkez ülke ekseninde tanımlıyoruz.",0
tr_2014_akp_june_5_secim_beyannamesi,2014,akp_june_5_secim_beyannamesi,198,"Yöre kimliğini yansıtacak kent müzelerine ve bölgeyle ilgili etnografya müzelerine önem verilecektir. Kütüphane, galeri ve kültür merkezi gibi kültür kurumları yerel yönetimlere devredilecek ve bunların toplumun merkezinde yer alan aktif kurumlar olarak kullanımı sağlanacaktır. Şehirlerimizin tarihi kimlikleri, gerek tarihi yapıların restorasyonu, gerekse yeni yapıların yerel dokuya uygun kılınmasıyla belirgin hale getirilecektir.",0
tr_2015_akp_oct_6_secim_beyannamesi,2015,akp_oct_6_secim_beyannamesi,28,"Önümüzdeki dönemdeki temel amacımız, yine insanı merkez alan bir anlayış içinde Yeni Türkiye'yi her alanda kaliteli bir biçimde büyütmek ve güçlendirmek olacaktır. Bu beyanname ile yapacaklarımızı hedef olarak taahhüt ediyor ve hedeflerimize ulaşmak için kaynağı belli, projesi hazır, gerçekçi politikalarla bir kez daha siz aziz vatandaşlarımızın huzuruna çıkıyoruz. Hedeflere ulaştıkça yeni hedefler koyacak, yeni hedeflerin heyecanıyla kollarımızı sıvayacak ve her defasında aynı şevkle işe koyulmaya devam edeceğiz.",1
tr_2011_akp_june_5_secim_beyannamesi,2011,akp_june_5_secim_beyannamesi,343,"Son 8,5 yılda tohum üretimimiz 145 bin tondan % 243'lük bir artışla 498 bin tona çıkarıldı. Yine, hükümetimiz döneminde tohumculuk sektörüne verim odaklı destekler sağlandı. Dünyanın üçüncü büyük Tohum Gen Bankası Ankara'da kuruldu.",0
tr_2014_akp_june_5_secim_beyannamesi,2014,akp_june_5_secim_beyannamesi,162,"Şehir işletme maliyetini düşürücü bir perspektif geliştireceğiz. Bu sebeple, mevcut şehirlerin merkezlerini daha fazla yoğunlaştıracak mevcut yapılaşma eğilimini azaltacağız. İstanbul, Ankara, İzmir ve Bursa gibi şehirleri daha da büyütecek gelişim planları yerine, sosyo-ekonomik gelişimi yeni şehirlere kaydıracak ve böylece şehir işletme maliyetlerini optimal veya mümkünse asgari seviyede tutacak bir şehirleşme modeli uygulayacağız.",0
tr_2012_ulusa_seslenis,2012,ulusa_seslenis,34,"Kamuoyunda uzun süreden bu yana, hatta bizim iktidarımızdan çok daha eskiye uzanan bir tartışma, bir beklenti vardı… Buna göre, 1926 yılından bu yana okullarımızda verilen Milli Güvenlik derslerinin demokratik Türkiye'ye yakışmadığı ifade ediliyor, bu dersin müfredattan çıkarılması gerektiği ifade ediliyordu… Bu konu, Hükümet olarak, uzun bir süreden bu yana bizim de gündemimizde yer alıyordu. Keza, Milli eğitim şuralarında da bu dersin kaldırılması teklif ediliyordu. AB raporlarında da Türkiye'nin eleştirilmesine neden oluyordu.",0
tr_2011_akp_june_5_secim_beyannamesi,2011,akp_june_5_secim_beyannamesi,836,"Yasal düzenlemelerle, gecekondulaşmayı ve şehir planlarına aykırı kentleşmeyi önleyecek tedbirleri aldık. Şehirlerimizi güzelleştirmek ve gecekondu bölgelerini ıslah etmek için Kentsel Dönüşüm Projelerini hayata geçirdik; bu bölgelerde yaşayan vatandaşlarımıza yönelik ucuz konutlar ürettik. 226 2011 YOLUNDA AK PARTİ SEÇİM BEYANNEMELERİ Bugüne kadar büyük bir başarı ile gerçekleştirilen toplu konut uygulamaları ve bundan sonra da sürdürülecek, uzun vadeli programlarla şehirlerimizin yaşanabilir, sağlıklı ve estetik mekânlar olması sağlanacaktır.",0
tr_2015_chp_secim_beyannamesi,2015,chp_secim_beyannamesi,438,Kamu Yönetiminde Etkin Denetim • Yürütmenin yargı denetiminden kaçmasına olanak tanıyan tüm istisnaları ortadan kaldıracağız. • Yargı organlarının verdiği kararların tam olarak uygulanmasını sağlayacağız. • Bilgi edinme ve etik kurullarında sivil toplum temsilcilerinin yüksek düzeyde temsil edilmesini sağlayacağız.,1
tr_2004_ulusa_seslenis,2004,ulusa_seslenis,7,"Bu temeller üzerinde; dostluklarını pekiştiren, ilişkilerini geliştiren, bölgesel ve çevresel konularda inisiyatif alabilen yeni bir değerler diplomasisini aşama aşama hayata geçiriyoruz."" Başbakan Erdoğan, ""Ulusa Sesleniş"" konuşmasında, gerek Avrupa Birliği'ne tam üyelik stratejisinde, gerekse Kıbrıs'taki çözüm arayışlarında temel önceliğin, Türkiye'nin menfaatlerini korumak olduğunu söylüyordu. Dünyanın hızla değiştiğini, buna bağlı olarak küresel ve bölgesel şartlarda da aynı hızda değişimler yaşandığını anlatan Başbakan Erdoğan, şunları ifade ediyordu: ""Bütün ülkeler bu değişim çağına ayak uydurabilmek için politikalarını daha dinamik ve aktif bir hale getirmenin arayışı içerisindeler. Ne için?",1
tr_2008_ulusa_seslenis,2008,ulusa_seslenis,51,"Bu fark önemli bir farktır, Türkiye artık vergi gelirlerini neredeyse bütünüyle faiz ödemelerine kaptıran bir ülke olmaktan çıkmıştır. Ekonomimizin doğru istikamette kararlı bir biçimde ilerlediğine işaret eden bir başka önemli gösterge de ihracatımızdaki artıştır. 2007 başında yıllık ihracatımızı 100 milyar dolar olarak öngörmüşken, yıl sonunda bu miktar 106 milyar dolara ulaşmıştır.",1
tr_2015_akp_oct_6_secim_beyannamesi,2015,akp_oct_6_secim_beyannamesi,537,"Prim ödeme gücü olmadığı tespit edilenlerin sağlık primlerinin devlet tarafından ödenmeye başlanmasını sağladık. 2002 ve 2014 yıllarında GSYH'ya oran olarak, SGK toplam gelirleri sırasıyla yüzde 5,6 ve yüzde 10,2 düzeyinde, SGK toplam giderleri sırasıyla yüzde 8,0 ve yüzde 11,4 düzeyinde gerçekleşmiştir. Buna göre sosyal güvenlikte gelir- gider açığını GSYH'ya oran olarak 2002 yılındaki yüzde 2,4 düzeyinden 2014 yılındaki yüzde 1,2 düzeyine indirdik.",0
tr_2007_akp_june_6_secim_beyannamesi,2007,akp_june_6_secim_beyannamesi,55,"Bu sayede geçmiş dönemlerin siyaset kurumuna kaybettirdiği toplumsal güveni ve itibarı tekrar kazandırmıştır. Bu konuda iktidarımız döneminde başlatılan girişimlerin yanı sıra, önümüzdeki süreçte: Siyasal yaşamın demokratikleşmesi için Anayasa'dan başlayarak ihtiyaç duyulan bütün yasalarda gerekli düzenlemeler yapılacaktır. Siyasi partilerin hesapları ve adayların harcamalarına şeffaflık ve denetlenebilirlik getirilmesi için Parti Grubumuz tarafından TBMM'ye verilen Kanun Teklifi yasalaştırılacaktır.",0
tr_2015_akp_oct_6_secim_beyannamesi,2015,akp_oct_6_secim_beyannamesi,9,Sanayi Politikaları 254 4.3. Girişimcilik ve KOBİ'ler 261 4.4. Bilgi Toplumuna Dönüşüm 267 5.,0
tr_2015_akp_oct_6_secim_beyannamesi,2015,akp_oct_6_secim_beyannamesi,363,"TÜİK'in yaptığı uzun dönem nüfus projeksiyonlarına göre, tedbir alınmaması halinde, doğurganlık hızının 2050 yılına kadar 1,65 çocuk seviyelerine kadar gerileyeceği tahmin edilmektedir. Bu kapsamda nüfus politikamızda değişime gittik ve 2000'li yıllara kadar uygulanan doğurganlığı azaltmaya yönelik politikalar yerine doğurganlığı artırmaya yönelik politikalara geçiş sağladık. Bu çerçevede, çalışan kadınlara üçüncü çocuğa kadar doğum borçlanması imkânı getirdik, tüp bebek uygulamasına erişimi kolaylaştırdık ve özel sektör tarafından kurulacak kreş ve gündüz bakımevleri için 5.",0
tr_2011_akp_june_5_secim_beyannamesi,2011,akp_june_5_secim_beyannamesi,110,"Türkiye bu kriz döneminde pek çok göstergesiyle diğer ülkelerden olumlu bir biçimde ayrışmıştır. Bu krizle beraber pek çok gelişmiş ülkede potansiyel büyüme hızı düşmüştür. Önümüzdeki döneme ait yapılan 44 2011 YOLUNDA AK PARTİ SEÇİM BEYANNEMELERİ projeksiyonlarda, dünyadaki ekonomik güç dengesinin hızla Batı'dan Doğu'ya kayacağı öngörülmektedir.",1
tr_2015_akp_oct_6_secim_beyannamesi,2015,akp_oct_6_secim_beyannamesi,1328,"“Yurtdışı Türkler ve Akraba Topluluklar Başkanlığı”nı kurduk ve yurtdışında yaşayan Türk vatandaşlarımızın sorunları ile daha yakından ilgilenmeye ve faaliyetlerine finansman desteği vermeye başladık. 345 Yurtdışında ikamet eden vatandaşlarımızın ilk kez 2014 Cumhurbaşkanlığı seçimlerinde bulundukları ülkelerde oy kullanmalarını sağladık. Böylece, demokratik ve anayasal bir hakkın gereğinin yerine getirilmesinin yanında anavatana aidiyet bağlamında da önemli bir adım atılmasını sağlamış olduk.",1
tr_2015_akp_oct_6_secim_beyannamesi,2015,akp_oct_6_secim_beyannamesi,752,"3.11. Tarım ve Gıda AK Parti olarak iktidara geldiğimizden bu yana stratejik bir sektör olarak gördüğümüz tarım ve gıda alanında da köklü değişimlere ve ilklere imza atarak, ülkemizin refahını, halkımızın mutluluğunu artırdık. 195 Tarımsal desteklerde üretimi teşvik eden ancak sosyal boyutu da ihmal etmeyen yaklaşımımızı, planlı tarım ve çağdaş hayvancılık uygulamaları, etkin gıda güvenliğine yoğunlaşarak sürdürüyoruz.",0
tr_2011_akp_june_5_secim_beyannamesi,2011,akp_june_5_secim_beyannamesi,263,"Artık şirketlerin de bir kimlik numarası olacak. Merkezi Sicil Kayıt Sistemi Projesi (MERSİS) ile artık her bir işletmenin, vatandaşların kimlik numarası uygulamasında olduğu gibi ayrı bir kimlik numarası olacak. Tüm kamu kurum ve kuruluşları ile diğer kişiler işletmelerin “erişime açık” olan bilgilerine bu ortak anahtar numara aracılığıyla ulaşabilecekler.",1
tr_2015_akp_oct_6_secim_beyannamesi,2015,akp_oct_6_secim_beyannamesi,761,"Türkiye'yi 193 ülkeye, 1.781 çeşit tarımsal ürün ihraç eden bir ülke konumuna ulaştırdık. • Hayvansal ürün, canlı hayvan ve su ürünleri ihracatımızı, 2002-2014 döneminde 247 milyon dolardan 2,1 milyar dolara yükselttik. 197 • 2002 yılında Ziraat Bankasında yüzde 59 olan tarımsal kredi faiz oranları, 2014 yılında kredi konusuna bağlı olarak yüzde sıfır ile yüzde 8,25 arasında uygulanmıştır.",0
tr_2006_ulusa_seslenis,2006,ulusa_seslenis,240,"Bu zirvenin hemen ardından Türkiye için son derece hayati öneme sahip bir başka bölgeye, bir başka zirveye geçtik. 5 Mayıs'ta Azerbaycan'ın başkenti Bakü'de gerçekleştirilen 9. Ekonomik İşbirliği Teşkilatı Zirvesi'ne katıldık.",0
tr_2007_ulusa_seslenis,2007,ulusa_seslenis,193,"Her ay sizlere bu yatırımların müjdelerini veriyor, Türkiye'nin yaşadığı değişimi en çarpıcı örnekleriyle dikkatinize sunuyorum. Nisan ayında da Türkiye'nin dört bir yanında çok önemli açılışlar gerçekleştirdik, çok önemli tesis ve yatırımları faaliyete geçirdik. 1 Nisan'da Eskişehir'deydik ve orada hem II.",0
tr_2009_ulusa_seslenis,2009,ulusa_seslenis,27,"Birbirimize bağlılığımızın, ülkemize sadakatimizin, büyük tarihi birikimimizin, zengin insani ve kültürel değerlerimizin bizi nasıl yıkılmaz kıldığını daha kolay şekilde fark edebileceğiz. Türkiye'nin özgüvenini kazanarak, potansiyelini en iyi şekilde kullanarak ne büyük bir atılım gerçekleştireceğini olduğunu mutlaka göreceğiz. Türkiye için bugünün dünden farklı olduğunu, yarınların çok daha farklı olacağını mutlaka gözleyeceğiz.",1
tr_2011_chp_secim_beyannamesi,2011,chp_secim_beyannamesi,32,"gruplara adil yarışma şartlarının sağlanması için uygun politik zemini hazırlar. Bununla birlikte, çoğunluğu elinde tutanların, siyasi alanı • Yeni Anayasa, hukuk devletini, yargı bağımsızlığını, kuvvetler ayrılığını, tekseslileştirmesini engelleyecek kurum ve kuralların uygulanmasını temel hak ve özgürlükleri ve sosyal devleti güvence altına alan, devletin gerekli kılar. Türkiye'de yüzde onluk seçim barajı, geniş tanımlanmış meşruiyetini insan haklarının korunmasına ve geliştirilmesine dayandıran parti yasakları, büyük partileri kayıran devlet yardımları ve bağımsız yeni bir 'toplumsal sözleşme' olacak.",1
tr_2011_akp_june_5_secim_beyannamesi,2011,akp_june_5_secim_beyannamesi,305,"Yapacağımız bütün çalışmalarda yurtiçinde ve yurtdışında daha fazla istihdam üretmeyi, ülkemize daha fazla geri dönüş sağlamayı hedefliyoruz. Gümrük Hizmetleri Ülkemizin gerek ticaret, gerek turizm, gerek uluslararası ilişkileri ve bölgesiyle bütünleşmesi açısından kaliteli hizmet sunan güçlü gümrük hizmetleri büyük önem taşımaktadır. Dürüst, hızlı, kaçağın her türünü önlemede ve yakalamada dinamik, kaçakçıya göz açtırmayan, süratli ve etkin gümrük hizmetleri için büyük mesafeler kat ettik.",1
tr_2007_akp_june_6_secim_beyannamesi,2007,akp_june_6_secim_beyannamesi,400,"Suçla etkin mücadeleyi sağlayacak fiziki ve sosyal tedbirler alınması konusunda belediyeler, muhtarlar, eğitim ve öğretim kurumları, okul aile birlikleri, sivil toplum örgütleri, özel güvenlik teşkilatları, ilgili diğer kurum ve kuruluşlar ve basın kuruluşları ile ortak çalışmalar gerçekleştirilecektir. Ceza ve Ceza Usul Hukuku alanında yapılan düzenlemelerin uygulanmasına yönelik eğitim programları yürürlüğe konularak, Cumhuriyet Savcıları ile kolluğun daha yakın ve anlayış birliği içinde çalışmaları özendirilecektir. Din Hizmetleri Adalet ve Kalkınma Partisi din hizmetlerini, ahlaki ve manevi değerlerin yaşatılması ve milli dayanışma ve bütünleşmenin sağlanması için önemli bir alan olarak görmektedir.",1
tr_2011_chp_secim_beyannamesi,2011,chp_secim_beyannamesi,13,"bu kapsamda, silahlı kuvvetlerin siyasete karışmasına karşı çıkmaktadır. Silahlı kuvvetler sivil otoritenin kontrolü altında bulunmalıdır. Bu amaçla Yeni anayasanın hazırlanma süreci büyük önem taşımaktadır.",1
tr_2015_akp_oct_6_secim_beyannamesi,2015,akp_oct_6_secim_beyannamesi,981,"• İş, yatırım, çalışma, eğitim ve kültür ortamının yurtdışında tanıtımına yönelik faaliyetleri artıracak, yurtdışında bilim ve teknoloji müşavirleri görevlendireceğiz. • AB Çerçeve Programlarına katılımın artırılmasına yönelik çalışmaları artıracak ve Türkiye'nin ekonomik, tarihi, kültürel bağlarının güçlü olduğu ülkelerle AB Çerçeve Programlarına benzer programlar geliştireceğiz. • Öncelikli teknoloji alanlarında, araştırma merkezleri ve yükseköğretim kurumlarının yurtdışındaki muadilleriyle işbirliklerini geliştireceğiz.",1
tr_2004_ulusa_seslenis,2004,ulusa_seslenis,23,"Çünkü Türkiye'nin boşa kürek çekecek vakti yoktur."" Erdoğan, her vesileyle demokrasinin erdemlerine vurgu yaptıklarını, ""Hakimiyet kayıtsız şartsız milletindir"" şiarıyla hareket ettiklerini, millet iradesinin kayda ve şarta bağlanamayacağı gerçeğini akıllarından hiç çıkarmadıklarını bildirdi. Erdoğan, ""Bu konuda farklı tavırlar içine girmiyor, demokrasinin önüne bahaneler çıkarmıyoruz. Kıbrıs meselesini ele alırken de temel hareket noktamız yine demokrasi olmuştur"" diye konuştu.",1
tr_2014_akp_june_5_secim_beyannamesi,2014,akp_june_5_secim_beyannamesi,76,"Partimiz iktidara geldiği günden beri merkezden yürütülen bir çok hizmetin yerelden karşılanması için fiili adımlar atmış ve gerekli yasal düzenlemeleri yapmıştır. Bu çerçevede, Hükümetimiz döneminde 5393 sayılı Belediye Kanunu, 5216 sayılı Büyükşehir Belediye Kanunu, 5302 sayılı İl Özel İdaresi Kanunu ve 6360 sayılı Yeni Büyükşehir Belediye Kanunu gibi yasalar çıkarılmıştır. 33 2014 YOLUNDA AK PARTİ SEÇİM BEYANNAMELERİ Merkezi hükümet, makro düzeyde yol gösterici, düzenleyici, denetleyici, rehberlik edici, dengeleri sağlayıcı, standartları belirleyici olacak, ancak mikro karar verici, uygulayıcı mahalli yönetimler olacaktır.",1
tr_2007_akp_june_6_secim_beyannamesi,2007,akp_june_6_secim_beyannamesi,325,"2002 yılında yeşil kart için yapılan harcama sadece 160 milyon YTL iken, bu harcama 2006 yılında, 18 katı aşan bir artışla 2,9 milyar YTL'ye ulaşmıştır. Yaşlı-malül ve sakat aylıkları için yapılan harcamalar ise aynı dönemde 312 milyon YTL'den 1,3 milyar YTL'ye çıkmıştır. Adalet ve Kalkınma Partisi iktidarında ihtiyaç sahibi vatandaşlarımıza doğrudan sosyal yardım ulaştırılmasında Sosyal Yardımlaşma ve Dayanışmayı Teşvik Fonu etkili bir şekilde kullanılmıştır.",1
tr_2006_ulusa_seslenis,2006,ulusa_seslenis,163,"Türkiye, IMF'nin kurucu üyeleri arasındadır. Yıllarca da IMF ile çeşitli boyutlarda çalışmaları olmuştur. Ancak bazı dönemlerde Türkiye'nin IMF ile ilişkileri maalesef sağlıklı bir zeminde olmamıştır.",0
tr_2011_akp_june_5_secim_beyannamesi,2011,akp_june_5_secim_beyannamesi,585,"Ak Parti olarak, kadına karşı şiddetle mücadelede “sıfır tolerans” ilkesini gözetiyoruz. Bu çerçevede aile içi şiddetin, töre ve namus cinayetlerinin engellenmesi için hukuki alt yapıda büyük ilerlemeler sağladık. Toplumsal ve kurumsal bilinç ve duyarlılığı geliştirmek için çalışmalara hız verdik.",1
tr_2015_akp_oct_6_secim_beyannamesi,2015,akp_oct_6_secim_beyannamesi,715,"2002-2014 döneminde, küresel sermayenin ülkemizi tercih etmesini sağlayan yatırım ortamının da etkisiyle kümülatif uluslararası doğrudan yatırım miktarı 150 milyar 186 dolar seviyelerine ulaşmıştır. KÖYDES, SODES, BELDES, SUKAP, Cazibe Merkezleri, GAP Eylem Planı gibi yenilikçi uygulamalarla yerel ve bölgesel açıdan önemli işler başardık. GAP, DAP, KOP, DOKAP bölgelerindeki iller için tahsis edilen kamu yatırım ödeneklerinin toplam ödenekler içindeki payı 2002 yılında yüzde 20 iken, bu payı kademeli bir şekilde artırarak son yıllarda yüzde 30'ların üzerine çıkardık.",1
tr_2007_akp_june_6_secim_beyannamesi,2007,akp_june_6_secim_beyannamesi,678,"• %33 olan kurumlar vergisi oranı, %20'ye indirilmiştir. Böylelikle Türkiye, OECD ülkeleri arasında en düşük vergi yüküne sahip ilk 5 ülke arasına girmiştir. • Türkiye'nin yatırım tanıtım ve iletişim konusundaki kurumsal kapasite ihtiyacını karşılamak üzere Türkiye Yatırım Destek ve Tanıtım Ajansı kurulmuştur.",1
tr_2007_akp_june_6_secim_beyannamesi,2007,akp_june_6_secim_beyannamesi,444,"İktidarımız 2005 ve 2006 yıllarında toplam; • 11.706 içme suyu projesi, • 24.280 km. asfalt yol, • 32.023 km. stabilize ve ham yol yapmıştır.",0
tr_2011_akp_june_5_secim_beyannamesi,2011,akp_june_5_secim_beyannamesi,325,"Gelen talepler doğrultusunda, 81 ilin kültür ve turizm potansiyeli yüksek bölgelerinin alt yapı ihtiyaçları için mali ve teknik destek sağlanmaya devam edilecektir. Doğu Karadeniz Master Planı Uygulamaları çerçevesinde Samsun, Ordu, Giresun, Gümüşhane, Bayburt, Trabzon, Rize, Artvin illerinde öncelikli alanlarda yol, atık su arıtma tesisi ve bağlı kanalizasyon hatları, katı atık bertaraf tesisi ve içme- kullanma suyu hatları yapımını planlıyoruz. Turistik Yollar Yatırım Programı kapsamında kültür ve turizm açısından öncelikli yörelere ulaşımı sağlayacak 500 km yol yapacağız.",1
tr_2002_akp_june_6_secim_beyannamesi,2002,akp_june_6_secim_beyannamesi,138,"• Mükelleflere ve vergi idaresine kolaylık sağlamak amacıyla, mükellefler bilgisayar sistemiyle beyanlarını, tahakkuklarını ve ödemelerini internet üzerinden yapabilecek, uygulamaya konulacak tek sosyal güvenlik numarasıyla mükellefler daha kolay izlenecektir. 3. Kamu Harcamaları Türk harcama sistemi, karar alıcılara ve topluma doğru bilgi sunacak bir yapıda değildir.",1
tr_2009_ulusa_seslenis,2009,ulusa_seslenis,429,"Kurban bayramının bu anlamda toplumsal hayatımıza getirdiği çok önemli güzellikler vardır. Bayramlar vesilesiyle yaşadığımız bu güzelliklerin daim olması, birbirimize ve ülkemize olan sevgimizi arttırması en büyük dileğimdir. Mahzun gönüllerin aydınlandığı, dargınlıkların ve kırgınlıkların unutulduğu böyle günler, milletlerin bir ve beraber olma şuurunu, var olma iradesini, yüksek ideallerini tazeleme günleridir.",1
tr_2015_akp_oct_6_secim_beyannamesi,2015,akp_oct_6_secim_beyannamesi,134,"Anayasada hak aramayı engelleyen hükümleri kaldırdık, vatandaşlarımızın hak arama yollarını çoğalttık. Sivillerin askeri mahkemelerde yargılanmasına son verdik. Askeri Yargıtayın ve Askeri Yüksek İdare Mahkemesinin hukuk devletinin gereklerine göre görev yapmasını anayasal kural haline getirdik.",0
tr_2003_ulusa_seslenis,2003,ulusa_seslenis,222,"Çarşıya pazara, mut- 325 Yeni Türkiye Vizyonu | Efendi Değil Hizmetkar Olmak-1 fağımıza çöreklenmiş, yakamızı şerrinden bir türlü kurtaramadığımız enflasyon canavarı... O canavar bugün dize getirilmiştir. Canavarın hızı kesilmiştir.",1
tr_2003_ulusa_seslenis,2003,ulusa_seslenis,134,"Hem yurtiçinde hem de yurtdışında ihraç ettiğimiz borçlanma senetlerinin faizleri düşmektedir. Uluslararası Para Fonu (IMF) İcra Direktörleri Kurulu, 01 Ağustos'ta ekonomik programın 5'inci gözden geçirmesini sonuçlandırmıştır. 500 milyon dolar tutarındaki kredi dilimini serbest bırakmıştır.",0
tr_2009_ulusa_seslenis,2009,ulusa_seslenis,23,"Herkesin dikkatli olması, bu ülkenin insanlarını ümitsizliğe, paniğe sevkedecek tavır ve açıklamalardan kaçınması lazımdır. Sıkıntılarımızın nerede olduğunu biliyoruz, imkânlarımızı azami derecede zorlayarak o sıkıntıları gidermeye gayret ediyoruz. Bu çerçevede özellikle ve öncelikle, üretimi ve istihdamı teşvik edecek adımlar attık, atmaya da devam edeceğiz.",0
tr_2007_akp_june_6_secim_beyannamesi,2007,akp_june_6_secim_beyannamesi,290,"Çalışma hayatında tüm taraflar arasında akılcı bir dengenin kurulmasını hedefledik. Çalışanlarımızın haklarının ve işletmelerimizin rekabet gücünün korunduğu bir çalışma hayatının geliştirilmesi için çalıştık. Sosyal barışın korunması ve geliştirilmesini, sağlıklı ve uzun soluklu bir kalkınma sürecinin olmazsa olmaz koşulları arasında görüyoruz.",1
tr_2002_akp_june_6_secim_beyannamesi,2002,akp_june_6_secim_beyannamesi,51,"35 2002 YOLUNDA AK PARTİ SEÇİM BEYANNEMELERİ Ak Parti, yönetime katılımı engelleyen yasal ve idari etkenleri kaldırarak, kamu yönetimine sivil toplumun daha aktif katılımını sağlayacaktır. İş dünyası, sendikalar, meslek odaları, çiftçi örgütleri ve gönüllü kuruluşların, sorunlarını, hizmet alanlarındaki kamu görevlileri ile birlikte çözmelerini kolaylaştırıcı mekanizmalar geliştirilecektir. Ülkemizde henüz yeterince örgütlenemeyen sivil toplum, kamu hizmetlerinin yürütülmesinde fazla etkili olamamaktadır.",1
tr_2015_akp_oct_6_secim_beyannamesi,2015,akp_oct_6_secim_beyannamesi,147,Maddi durumu elverişli olmayanların adalet hizmetlerinden yararlanmasının önündeki engelleri kaldırdık. Ceza soruşturma ya da davalarında avukatı olmayan herkese istemi halinde avukat tayin edilmesini ve dava masraflarından muaf tutulmasını sağladık. İlk defa suç mağdurlarına da devlet tarafından avukat tayin edilmesi uygulamasını getirdik.,1
tr_2014_akp_june_5_secim_beyannamesi,2014,akp_june_5_secim_beyannamesi,49,"Ak Parti, yerel yönetimlerde halkımızın katılımını sağlayan pek çok kanal inşa etmiştir. Ak Parti, milletimizin sesine hem ülke genelinde, hem de yerel yönetimlerde kulak vermiştir. Bütün yaşayanları etkileyen kararlarda hemşehrilerin görüşlerinin, isteklerinin ve ihtiyaçlarının yönetime iletilmesi, yönetimin de yaptığı ve yapmayı planladıkları ile ilgili genel halk ve STK'lar ile daha etkin diyalog kurması için çeşitli mekanizmalar geliştirilecektir.",0
tr_2015_akp_oct_6_secim_beyannamesi,2015,akp_oct_6_secim_beyannamesi,1109,"Şehirlerde kamu arazilerinin imarlı yapılaşma, ekonomik kalkınma, ortak sosyo-kültürel fayda temelinde daha aktif kullanımını sağlayacağız. Önümüzdeki dönemde tarihi dokusu güçlü şehirlerimiz başta olmak üzere dikey değil yatay bir yapılaşmayı özendireceğiz. İnsan dostu, çevre dostu, estetik, katılımcı ve müreffeh hale gelmiş kimlikli ve kişilikli şehirler oluşturacağız.",0
tr_2007_akp_june_6_secim_beyannamesi,2007,akp_june_6_secim_beyannamesi,145,"• Yaptırımları güçlendireceğiz. • Vergi ve sosyal güvenlik priminin toplanmasında tek bir beyanname uygulamasına geçeceğiz. • Sosyal güvenlik primlerinin tahsili için çağdaş yöntemler kullanmaya başlayacak, prim alacaklarının tahsilatında sözleşmeli avukatlardan yararlanacağız.",0
tr_2015_akp_oct_6_secim_beyannamesi,2015,akp_oct_6_secim_beyannamesi,349,"Aile Eğitim Programını (AEP), aile üyesi bireylerin çağın gerektirdiği temel aile yaşam becerilerine yönelik bilgi, beceri ve tutumları kapsamlı olarak edinebilmeleri için hazırladık. Evlilik Öncesi Eğitim Programını, evlilik öncesi süreçte çiftlerin birbirlerini tanımaları, evlilikle ilgili gerçekçi beklentiler oluşturabilmeleri, etkili iletişim kurma yollarını ve olası sorunlarla nasıl baş edeceklerini bilmeleri amacıyla hazırladık ve ülke genelinde uygulamaktayız. Sosyal desteklerimizde aileyi odağa alarak, bütüncül bir perspektifle yeni programlar geliştirdik.",1
tr_2008_ulusa_seslenis,2008,ulusa_seslenis,12,"Teröre kurban verdiğimiz kardeşlerimizin ailelerini ziyaret ederek başsağlığı diledik; onlarla kucaklaştık, acılarını paylaşmaya çalıştık. Taziye sunmaya gittiğimiz bütün aileleri, sevdiklerini kaybetmenin ağırlığı karşısında büyük bir metanet içinde gördüm. Sivil ve askeri hastanelerdeki yaralılarımızı da bakan, milletvekili arkadaşlarımla birlikte ziyaret ederek yetkililerden durumları hakkında bilgi aldık, onlarla konuşarak morallerini yükseltmeye çalıştık, şifa dileklerimizi ilettik.",1
tr_2009_ulusa_seslenis,2009,ulusa_seslenis,65,"Başta Cumhurbaşkanı Sayın Aliyev olmak üzere, Azeri kardeşlerimize, Türkiye'nin Azerbaycan konusundaki dikkat ve hassasiyetini, iki ülke arasındaki derin bağlara verdiğimiz önemi, bir kere daha anlatma imkânı bulduk. Azerbaycan Milli Meclisi'ndeki konuşmamızda da bu konudaki hissiyatımızı yine en güçlü şekilde ifade ettik. Son dönemde, her iki ülkenin yetkili makamlarınca defalarca düzeltilmesine rağmen, ısrarla sürdürülen birtakım dezenformasyon faaliyetlerinin, bu ziyaretimizle, tümüyle boşa çıkartıldığını görmekten de karşılıklı olarak büyük memnuniyet duyduk.",1
tr_2011_ulusa_seslenis,2011,ulusa_seslenis,166,"Tarihi bir hasreti, bu kucaklaşmalar sayesinde yoğun bir coşkuya dönüştürdük. Türkiye tarihten gelen bağlarla bağlı olduğu bu coğrafyayla yeniden buluşuyor, yeniden kaynaşıyor. Bu buluşmanın, bölge halklarının özgürlük, adalet ve demokrasi talepleriyle ülkelerinin geleceğini inşa etmek için yola çıktıkları bir dönemeçte gerçekleşmiş olması ayrıca manidardır, heyecan vericidir.",0
tr_2006_ulusa_seslenis,2006,ulusa_seslenis,327,"381 Yeni Türkiye Vizyonu | Efendi Değil Hizmetkar Olmak-3 Değerli vatandaşlarım… Ekonomimizin nereden nereye geldiğini bu rakamlar, bu seviyeler açık, net gösteriyor. Toplumun her kesimiyle el ele, omuz omuza vererek istikrarı pekiştirmek, kazanımlarımızı daha da artırmak üzere yolumuza devam ediyoruz. Türkiye'yi bir uçtan öbür uca saran büyük bir imar seferberliği başlattık.",0
tr_2015_chp_secim_beyannamesi,2015,chp_secim_beyannamesi,25,"Yerel yönetimlerin yetkileri ve olanakları artırılacaktır. Mümkün olan en fazla sayıda kararın yerelde, o karardan doğrudan etkilenecek yurttaşlara en yakın kademede alınması sağlanacaktır. Kürt sorunu, birinci sınıf demokrasiyle, daha fazla özgürlükle ve siyaset yoluyla çözülecektir.",1
tr_2015_akp_oct_6_secim_beyannamesi,2015,akp_oct_6_secim_beyannamesi,988,"Bu kapsamda, imalat sanayiimizi; daha yüksek katma değer üreten, yüksek teknolojiyi kullanabilen, geleceğin ticaret dünyasının taleplerine cevap verebilen, sürdürülebilir küresel rekabet gücü kazanmış bir yapıya doğru dönüştürmeyi öngörmekteyiz. a. Neler Yaptık İktidarlarımız döneminde sağlıklı bir kalkınma altyapısı tesis edebilmek için makroekonomik istikrarla birlikte imalat sanayiinin gelişmesi için politika geliştirmeye ve yatırım yapmaya özel önem verdik.",1
tr_2015_chp_secim_beyannamesi,2015,chp_secim_beyannamesi,73,"• Sayıştay'ın özerkliğini yeniden sağlayacak, Sayıştay raporlarının TBMM'ye eksiksiz ve düzenli olarak sunulmasını sağlayacağız. • TBMM'nin bütçe hakkını güvence altına alacak, mali denetim işlevlerini güçlendireceğiz. SİYASİ PARTİLER SİSTEMİ Temsilde Adaleti Sağlayacağız • Seçim kanunları ve siyasi partiler kanunu başta olmak üzere, 12 Eylül rejiminden kalma antidemokratik kanunları değiştireceğiz.",0
tr_2007_akp_june_6_secim_beyannamesi,2007,akp_june_6_secim_beyannamesi,418,"Artık, uzun vadeli ekonomik gelişme ve kalkınma için sosyal politikaların merkeze alındığı bir döneme gelinmiştir. İstihdamın artırılması, daha fazla ve daha kaliteli iş imkanlarının oluşturulması için çabalarımız artarak devam edecektir. 21.",0
tr_2011_chp_secim_beyannamesi,2011,chp_secim_beyannamesi,453,"• İstanbul'un başta ulaşım sorunu olmak üzere tüm alt yapı sorunlarını • Türkiye'nin AB bölgesel politikalarına uyumunun artırılmasını ve bu çözecek, Avrupa'nın yaşam kalitesi en yüksek kentleri arasında yer süreçle bağlantılı fonların daha geniş çapta ve daha verimli kullanılmasını almasını sağlayacağız. sağlayacağız. • Tarihi ve kültürel dokuyu koruma önceliğini elden bırakmadan kentin yer • Bölgeler arası ekonomik ve sosyal gelişmişlik farkını hızla azaltmak altı raylı ulaşım alt yapısını dünya kentleri seviyesine getirecek, metro ağını amacıyla, başta GAP, DAP, DOKAP, ZBK, YHGP gibi uygulama aşamasında en kısa zamanda en az 80 km'lik uzunluğa ulaştıracağız.",0
tr_2014_akp_june_5_secim_beyannamesi,2014,akp_june_5_secim_beyannamesi,80,"Meselâ İstanbul'da uygulamaya girecek AkYolbil Projesi, otobüslerin GPS/GPRS teknolojisi kullanılarak on-line izlenmesini ve otobüslerin duraklara tahmini varış sürelerinin, duraklara yerleştirilen elektronik panolar aracılığıyla yolculara duyurulmasını, işletme ve hat verimliliğinin artması ile maliyetlerin azalmasını sağlayacak. 34 2014 YOLUNDA AK PARTİ SEÇİM BEYANNAMELERİ AK Belediyeler vatandaşımızın her konforunu düşünen icraatler yaptılar. Meselâ Erzurum'da akıllı otobüs duraklarında iklim gereği ısıtıcı cihaz bulunmakta, ayrıca vatandaşlarımız bekledikleri araçların ne zaman ve hangi sürede geleceğini elektronik tabelalardan izlemektedir.",1
tr_2015_akp_oct_6_secim_beyannamesi,2015,akp_oct_6_secim_beyannamesi,122,"Sorunları, demokratik bir ortamda bireyler, toplum ve siyaset kurumu çözecektir. 37 AK Parti, sadece anayasa metni ile anayasal sistem tesis edilmediğinin bilincindedir. Doğrudan anayasal sistemle bağlantılı seçim kanunları, siyasi partiler kanunu ve sair temel kanunlar, yeni anayasa metniyle birlikte bir bütün olarak yenilenecektir.",1
tr_2015_chp_secim_beyannamesi,2015,chp_secim_beyannamesi,209,"• Bio-çeşitliliği korumak amacıyla, gen bankası, gen laboratuvarı ve uygulama merkezlerinden oluşan bir yerleşke oluşturacağız. Bu yerleşkenin Tarımsal ve Hayvansal Araştırma Merkezleri ile eşgüdüm içerisinde çalışmasını sağlayacağız. ÇAĞDAŞ BİR KOOPERATİFÇİLİK MODELİ • Kooperatif modelini bir bütün içerisinde ele alacak, kooperatif, birlik ve merkez birliklerini uyumlu çalışabilecekleri ortak bir üretim modeli çerçevesinde bütüncül bir yaklaşımla destekleyeceğiz.",1
tr_2015_akp_oct_6_secim_beyannamesi,2015,akp_oct_6_secim_beyannamesi,804,"Ormanların sınırlarının korunması ve mülkiyet problemlerinin çözümüne yönelik orman kadastro çalışmalarını hızlandıracağız. Ormanların ekonomik, sosyal ve ekolojik fonksiyonlarını gözeten sürdürülebilir yönetim ilkesi benimsenecek, odun ve odun dışı orman ürünleri potansiyelini değerlendirerek üretim ve pazarlanması konusunda etkin yönetim sağlayacağız. İkinci GAP Eylem Planında beşeri ve sosyal kaynakların geliştirilmesine ve temel altyapı yatırımlarının tamamlanmasına öncelik vereceğiz.",1
tr_2008_ulusa_seslenis,2008,ulusa_seslenis,205,"Unutmayalım ki, ne durma lüksümüz var, ne de geriye gitme seçeneğine sahibiz. Değerli vatandaşlarım... Türkiye'nin son yıllarda gerçekleştirdiği çok yönlü atılım, yakaladığı ekonomik dinamizm son derece önemlidir.",1
tr_2011_akp_june_5_secim_beyannamesi,2011,akp_june_5_secim_beyannamesi,459,Eğitim gören engelli sayısını tam 10 kat artırdık. “Haydi Kızlar Okula” kampanyasıyla çeşitli sebeplerle okula gidemeyen 350 bin kız çocuğumuzu okullu yaptık. “Ana-Kız Okuldayız” kampanyası ile 567 bin kadınımıza okuma yazma öğrettik.,0
tr_2011_akp_june_5_secim_beyannamesi,2011,akp_june_5_secim_beyannamesi,417,"Bu kapsamda cadde tramvayı, metro, hafif metro ve hızlı tren teknolojilerinin geliştirilmesi ve üretimi için teşvik ve destek uygulamaları sağlanacaktır. Tüm demiryollarını kapsayan yönetim bilgi sistemleri tamamlanacaktır. Lüks vagonlar, alternatif ödeme sistemleri, modern tarife ve kampanyalar ile demiryolları ile seyahat hızlı, güvenli ve konforlu bir alternatif olarak diğer sektörler ile tam rekabet sağlanacaktır.",1
tr_2002_akp_june_6_secim_beyannamesi,2002,akp_june_6_secim_beyannamesi,167,"KİT'lerdeki zararların fiyat ayarlamalarıyla giderilmeye çalışılması, enflasyonist süreçte etkili olan diğer bir faktördür. 1990'lı yıllar boyunca kamu kesiminin mali sistem üzerindeki baskısı giderek artmıştır. Mali derinleşmenin yeterince sağlanamadığı bir ortamda, faiz oranları yükselmiş, vadeler kısalmıştır.",0
tr_2014_akp_june_5_secim_beyannamesi,2014,akp_june_5_secim_beyannamesi,283,"Halkımız, renksiz, ruhsuz, şiirsiz ve beton blokların kuşattığı bir dünyada yaşamaya lâyık değildir. Kızılderili Reis Seattle'ın beyaz adama hitabı maalesef modern dünya için hâlâ geçerliliğini koruyor: “Biz Kızılderililer, beyaz adamın kurduğu kentleri de anlayamayız. Bu kentlerde huzur ve barış yoktur.",1
tr_2015_akp_oct_6_secim_beyannamesi,2015,akp_oct_6_secim_beyannamesi,521,"Mevzuat düzenlemesi yaparak fazla çalışma sürelerinin aşılması halinde işverenlere idari para cezası verilmesini sağlayacağız. Özel sektör işletmelerinde eğitim birimleri kurulmasını teşvik edeceğiz. Özel sektör, meslek kuruluşları ile işçi ve işveren kuruluşlarının meslek eğitimi vermelerini özendireceğiz.",0
tr_2015_akp_oct_6_secim_beyannamesi,2015,akp_oct_6_secim_beyannamesi,540,• 900 gün karşılığı ölüm aylığı imkânı getirdik. • Bağ-Kur ve SSK'lıların sağlık hizmetlerine erişimini daha kolay hale getirdik • Ev hizmetlerinde 10 günden az çalıştırılanlara sigortalılık imkânı getirdik. • Kısa vadeli prim oranlarını sabitledik.,1
tr_2011_ulusa_seslenis,2011,ulusa_seslenis,277,"Bölgemizdeki sorunların çözümü halinde, sadece Türkiye'nin değil, bölgedeki tüm ülkelerin kazanacağını, çok güçlü şekilde ifade ediyoruz. Türkiye olarak yaşadığımız tecrübeden, sahip olduğumuz birikimden, elde ettiğimiz kazanımlardan Kuzey Afrika ve Ortadoğu ülkelerinin de istifade etmesini istiyoruz. Zira bu bölge, bizim için dünyanın herhangi bir bölgesinden daha değerlidir… Biz, Bağdat derken, Kudüs derken, Gazze derken, Bingazi, Trablus, Sirte derken, birileri gibi petrol kuyularını görmüyor, tam tersine orada akan kanı, orada dökülen gözyaşını görüyoruz.",1
tr_2015_chp_secim_beyannamesi,2015,chp_secim_beyannamesi,253,"• Mağduriyetlerin giderilmesi için danışmanlık hizmetleri sunacağız. • Aldatıcı, yanıltıcı ve istismar edici tanıtımları engelleyecek önlemler alacağız. • Tüketicilerin kullandıkları ürünlere ilişkin tam ve eksiksiz bilgilenme haklarını sonuna kadar gözeteceğiz.",0
tr_2002_akp_june_6_secim_beyannamesi,2002,akp_june_6_secim_beyannamesi,15,"Farklı ülkelerdeki halkların yaşam kalitesini ölçmeye yönelik evrensel standart ve normlar oluşmakta ve toplumların refah, başarı ve mutluluk düzeyleri ile devletlerin uluslararası arenadaki etkinlik ve saygınlıkları bu kriterlere göre belirlenmektedir. Devletin faaliyet alanı sürekli daralırken, özel sektörün ve sivil toplum örgütlerinin etkinliği artmaktadır. Bu gelişme sürecinde, kendini Dünya'dan tecrit eden bir ulusal sistemin uzun süre ayakta kalması düşünülemez.",1
